dealUniqueId,fromCurrency,toCurrency,dealTimestamp,amount
D0001,GBP,USD,2025-11-14T11:40:58Z,46209.89
D0002,EUR,JPY,2025-11-14T12:52:24Z,44665.90
D0003,JPY,USD,2025-11-14T13:25:01Z,37844.23
D0004,JPY,EUR,2025-11-14T14:51:05Z,38499.64
D0005,CNY,EUR,2025-11-14T15:20:27Z,9970.21
D0006,CHF,GBP,2025-11-14T16:10:33Z,43875.82
D0007,USD,EUR,2025-11-14T17:24:13Z,5733.47
D0008,AUD,CHF,2025-11-14T18:45:52Z,29534.68
D0009,AUD,CAD,2025-11-14T19:36:15Z,18363.82
D0010,GBP,CAD,2025-11-14T20:56:19Z,28020.83
D0011,CHF,CAD,2025-11-14T21:59:17Z,19014.25
D0012,AUD,GBP,2025-11-14T22:46:56Z,21068.60
D0013,CHF,AUD,2025-11-14T23:43:05Z,19008.51
D0014,CAD,GBP,2025-11-14T10:09:47Z,3272.43
D0015,GBP,CNY,2025-11-14T11:13:41Z,11030.24
D0016,GBP,JPY,2025-11-14T12:34:01Z,28486.57
D0017,GBP,JPY,2025-11-14T13:23:37Z,4393.77
D0018,EUR,USD,2025-11-14T14:45:20Z,13240.86
D0019,CNY,USD,2025-11-14T15:01:26Z,37479.28
D0020,AUD,USD,2025-11-14T16:47:49Z,35608.40
D0021,AUD,EUR,2025-11-14T17:57:59Z,27075.20
D0022,USD,JPY,2025-11-14T18:41:04Z,30511.54
D0023,USD,CHF,2025-11-14T19:31:41Z,3520.08
D0024,GBP,AUD,2025-11-14T20:51:39Z,6474.87
D0025,USD,CAD,2025-11-14T21:56:53Z,40706.64
D0026,AUD,JPY,2025-11-14T22:28:42Z,6971.98
D0027,GBP,JPY,2025-11-14T23:08:10Z,39617.89
D0028,CHF,USD,2025-11-14T10:35:56Z,43482.45
D0029,CHF,USD,2025-11-14T11:54:27Z,38847.24
D0030,AUD,EUR,2025-11-14T12:00:11Z,45695.67
D0031,CHF,JPY,2025-11-14T13:49:07Z,10523.99
D0032,AUD,USD,2025-11-14T14:57:41Z,15443.43
D0033,GBP,EUR,2025-11-14T15:48:28Z,13664.24
D0034,EUR,AUD,2025-11-14T16:59:46Z,41241.60
D0035,EUR,AUD,2025-11-14T17:26:21Z,22365.54
D0036,USD,GBP,2025-11-14T18:59:55Z,10268.36
D0037,AUD,JPY,2025-11-14T19:36:22Z,2472.63
D0038,JPY,CNY,2025-11-14T20:23:41Z,29216.05
D0039,GBP,CAD,2025-11-14T21:46:40Z,48689.76
D0040,EUR,USD,2025-11-14T22:07:50Z,39305.81
D0041,JPY,GBP,2025-11-14T23:50:11Z,43124.77
D0042,CAD,CHF,2025-11-14T10:11:25Z,12391.38
D0043,CNY,AUD,2025-11-14T11:19:52Z,13030.55
D0044,CHF,JPY,2025-11-14T12:19:56Z,1976.97
D0045,USD,JPY,2025-11-14T13:44:24Z,40361.34
D0046,CHF,CNY,2025-11-14T14:39:10Z,2132.77
D0047,GBP,CNY,2025-11-14T15:34:57Z,43991.55
D0048,EUR,GBP,2025-11-14T16:27:04Z,9853.08
D0049,JPY,CNY,2025-11-14T17:57:39Z,18364.30
D0050,JPY,CNY,2025-11-14T18:37:45Z,43892.27
D0051,AUD,USD,2025-11-14T19:14:09Z,11639.26
D0052,EUR,USD,2025-11-14T20:14:42Z,36821.88
D0053,CHF,CAD,2025-11-14T21:08:32Z,20311.26
D0054,CNY,JPY,2025-11-14T22:44:51Z,19865.45
D0055,JPY,USD,2025-11-14T23:25:52Z,25275.31
D0056,AUD,EUR,2025-11-14T10:59:46Z,15378.92
D0057,JPY,EUR,2025-11-14T11:21:38Z,17579.58
D0058,USD,JPY,2025-11-14T12:57:03Z,26831.86
D0059,AUD,EUR,2025-11-14T13:22:31Z,7465.32
D0060,CNY,CAD,2025-11-14T14:43:37Z,25865.15
D0061,CAD,GBP,2025-11-14T15:35:22Z,43972.65
D0062,CAD,EUR,2025-11-14T16:57:48Z,48500.73
D0063,GBP,AUD,2025-11-14T17:29:23Z,7039.07
D0064,USD,JPY,2025-11-14T18:07:08Z,26752.44
D0065,JPY,GBP,2025-11-14T19:53:08Z,33285.12
D0066,CHF,AUD,2025-11-14T20:24:18Z,4947.13
D0067,CHF,AUD,2025-11-14T21:41:20Z,1449.92
D0068,JPY,EUR,2025-11-14T22:50:14Z,13793.21
D0069,USD,CAD,2025-11-14T23:52:23Z,20142.50
D0070,EUR,GBP,2025-11-14T10:56:13Z,39896.81
D0071,USD,JPY,2025-11-14T11:09:21Z,35054.67
D0072,GBP,CHF,2025-11-14T12:17:41Z,12737.73
D0073,USD,AUD,2025-11-14T13:51:07Z,47185.46
D0074,JPY,GBP,2025-11-14T14:24:08Z,32103.43
D0075,CHF,EUR,2025-11-14T15:48:01Z,1636.70
D0076,AUD,CNY,2025-11-14T16:46:52Z,18027.22
D0077,CAD,USD,2025-11-14T17:59:19Z,42487.82
D0078,GBP,AUD,2025-11-14T18:58:22Z,4127.17
D0079,CAD,USD,2025-11-14T19:35:14Z,49087.41
D0080,EUR,USD,2025-11-14T20:25:13Z,42788.53
D0081,USD,CHF,2025-11-14T21:14:23Z,42862.74
D0082,CAD,CHF,2025-11-14T22:48:33Z,23197.33
D0083,CAD,GBP,2025-11-14T23:55:11Z,12163.58
D0084,CNY,USD,2025-11-14T10:50:41Z,35093.23
D0085,GBP,CHF,2025-11-14T11:50:11Z,29496.22
D0086,CNY,CHF,2025-11-14T12:56:16Z,815.91
D0087,EUR,GBP,2025-11-14T13:55:09Z,31453.31
D0088,EUR,CNY,2025-11-14T14:29:25Z,18656.21
D0089,CAD,CNY,2025-11-14T15:34:58Z,25415.36
D0090,CHF,JPY,2025-11-14T16:11:43Z,6159.96
D0091,JPY,GBP,2025-11-14T17:15:23Z,20733.94
D0092,JPY,CAD,2025-11-14T18:01:15Z,10022.56
D0093,GBP,EUR,2025-11-14T19:48:51Z,13694.41
D0094,USD,CAD,2025-11-14T20:03:18Z,3108.23
D0095,CHF,AUD,2025-11-14T21:15:41Z,37919.50
D0096,CNY,GBP,2025-11-14T22:55:31Z,49947.50
D0097,GBP,EUR,2025-11-14T23:05:54Z,2839.63
D0098,JPY,CHF,2025-11-14T10:25:35Z,28042.23
D0099,GBP,USD,2025-11-14T11:33:15Z,30159.21
D0100,USD,AUD,2025-11-14T12:35:59Z,46751.24
D0101,JPY,GBP,2025-11-14T13:18:00Z,27848.36
D0102,CNY,GBP,2025-11-14T14:58:59Z,25992.20
D0103,AUD,CAD,2025-11-14T15:19:30Z,1809.99
D0104,EUR,GBP,2025-11-14T16:23:50Z,25468.38
D0105,AUD,JPY,2025-11-14T17:55:56Z,22595.43
D0106,JPY,EUR,2025-11-14T18:04:41Z,23790.60
D0107,CAD,CHF,2025-11-14T19:24:46Z,49406.11
D0108,USD,CAD,2025-11-14T20:12:09Z,1050.71
D0109,AUD,CAD,2025-11-14T21:17:53Z,552.76
D0110,EUR,AUD,2025-11-14T22:04:42Z,32252.50
D0111,AUD,CAD,2025-11-14T23:43:27Z,3944.57
D0112,CAD,AUD,2025-11-14T10:57:47Z,44445.72
D0113,JPY,AUD,2025-11-14T11:37:14Z,2524.14
D0114,CHF,CNY,2025-11-14T12:44:28Z,41564.97
D0115,CAD,CHF,2025-11-14T13:21:56Z,5721.03
D0116,JPY,CNY,2025-11-14T14:04:46Z,14621.66
D0117,GBP,AUD,2025-11-14T15:31:17Z,283.94
D0118,USD,CNY,2025-11-14T16:23:59Z,40078.26
D0119,EUR,JPY,2025-11-14T17:43:04Z,44572.66
D0120,AUD,CNY,2025-11-14T18:13:22Z,2717.77
D0121,AUD,USD,2025-11-14T19:34:51Z,1178.28
D0122,EUR,GBP,2025-11-14T20:10:31Z,43809.94
D0123,CHF,CAD,2025-11-14T21:50:40Z,25914.36
D0124,CAD,GBP,2025-11-14T22:04:06Z,16766.57
D0125,CNY,AUD,2025-11-14T23:00:45Z,6331.42
D0126,USD,CAD,2025-11-14T10:01:39Z,18696.13
D0127,AUD,JPY,2025-11-14T11:47:58Z,10081.94
D0128,JPY,EUR,2025-11-14T12:04:35Z,34346.25
D0129,EUR,USD,2025-11-14T13:05:01Z,2835.49
D0130,EUR,GBP,2025-11-14T14:31:53Z,45730.11
D0131,USD,JPY,2025-11-14T15:35:38Z,11895.48
D0132,USD,CAD,2025-11-14T16:36:13Z,6185.50
D0133,CAD,GBP,2025-11-14T17:09:24Z,5163.56
D0134,GBP,CAD,2025-11-14T18:04:03Z,37068.07
D0135,EUR,CAD,2025-11-14T19:31:35Z,1761.19
D0136,GBP,USD,2025-11-14T20:36:38Z,42768.65
D0137,GBP,JPY,2025-11-14T21:01:38Z,4986.39
D0138,AUD,JPY,2025-11-14T22:17:45Z,126.95
D0139,CHF,USD,2025-11-14T23:51:22Z,38976.48
D0140,CAD,JPY,2025-11-14T10:06:02Z,32488.96
D0141,JPY,CNY,2025-11-14T11:52:56Z,29596.87
D0142,AUD,USD,2025-11-14T12:51:50Z,46977.41
D0143,GBP,CAD,2025-11-14T13:58:25Z,18995.26
D0144,JPY,AUD,2025-11-14T14:02:03Z,19858.26
D0145,JPY,USD,2025-11-14T15:24:14Z,41018.37
D0146,CHF,GBP,2025-11-14T16:21:22Z,19030.91
D0147,AUD,CAD,2025-11-14T17:23:44Z,28488.27
D0148,JPY,CHF,2025-11-14T18:49:51Z,2370.09
D0149,USD,CNY,2025-11-14T19:08:05Z,22966.36
D0150,CHF,CNY,2025-11-14T20:40:23Z,13781.37
D0151,USD,JPY,2025-11-14T21:56:24Z,12176.10
D0152,EUR,JPY,2025-11-14T22:23:57Z,23362.17
D0153,GBP,CAD,2025-11-14T23:55:44Z,22871.17
D0154,AUD,JPY,2025-11-14T10:55:48Z,11372.77
D0155,CNY,USD,2025-11-14T11:55:03Z,17644.42
D0156,USD,EUR,2025-11-14T12:51:00Z,38387.16
D0157,EUR,JPY,2025-11-14T13:23:23Z,38435.34
D0158,GBP,CAD,2025-11-14T14:22:13Z,34457.85
D0159,GBP,CNY,2025-11-14T15:26:55Z,5171.73
D0160,AUD,CAD,2025-11-14T16:23:07Z,49166.39
D0161,AUD,JPY,2025-11-14T17:18:15Z,34414.57
D0162,EUR,JPY,2025-11-14T18:09:03Z,32877.89
D0163,AUD,CAD,2025-11-14T19:35:59Z,36835.55
D0164,CHF,GBP,2025-11-14T20:27:17Z,8910.62
D0165,GBP,CNY,2025-11-14T21:59:31Z,33840.33
D0166,AUD,USD,2025-11-14T22:17:32Z,30214.52
D0167,CHF,GBP,2025-11-14T23:51:13Z,38810.99
D0168,EUR,USD,2025-11-14T10:56:39Z,648.52
D0169,AUD,EUR,2025-11-14T11:16:16Z,10130.80
D0170,AUD,CNY,2025-11-14T12:37:26Z,32990.44
D0171,AUD,JPY,2025-11-14T13:08:05Z,6422.93
D0172,CHF,CAD,2025-11-14T14:00:35Z,31013.90
D0173,EUR,GBP,2025-11-14T15:12:02Z,35077.32
D0174,CHF,EUR,2025-11-14T16:15:20Z,9949.51
D0175,USD,GBP,2025-11-14T17:44:20Z,19400.23
D0176,GBP,EUR,2025-11-14T18:42:53Z,44987.80
D0177,AUD,EUR,2025-11-14T19:15:44Z,32618.61
D0178,EUR,CNY,2025-11-14T20:23:00Z,28010.29
D0179,CHF,USD,2025-11-14T21:12:32Z,7520.84
D0180,AUD,USD,2025-11-14T22:42:47Z,44176.79
D0181,CNY,GBP,2025-11-14T23:45:00Z,34394.48
D0182,CAD,CNY,2025-11-14T10:10:55Z,48366.54
D0183,AUD,EUR,2025-11-14T11:31:23Z,4231.20
D0184,AUD,EUR,2025-11-14T12:17:55Z,33466.27
D0185,AUD,CHF,2025-11-14T13:52:16Z,19297.74
D0186,GBP,JPY,2025-11-14T14:51:10Z,1772.63
D0187,CAD,EUR,2025-11-14T15:48:49Z,20737.53
D0188,JPY,USD,2025-11-14T16:46:21Z,26711.98
D0189,JPY,USD,2025-11-14T17:50:14Z,573.03
D0190,USD,CAD,2025-11-14T18:42:01Z,28749.24
D0191,EUR,GBP,2025-11-14T19:41:05Z,36554.63
D0192,CAD,GBP,2025-11-14T20:44:02Z,48762.73
D0193,USD,AUD,2025-11-14T21:32:11Z,19943.52
D0194,CHF,GBP,2025-11-14T22:58:41Z,23023.99
D0195,AUD,GBP,2025-11-14T23:52:04Z,11415.25
D0196,AUD,CNY,2025-11-14T10:32:04Z,31625.13
D0197,CHF,GBP,2025-11-14T11:46:35Z,20779.07
D0198,USD,EUR,2025-11-14T12:02:46Z,23432.53
D0199,CHF,EUR,2025-11-14T13:13:42Z,17154.44
D0200,USD,AUD,2025-11-14T14:08:58Z,17334.25
D0201,AUD,CHF,2025-11-14T15:46:50Z,5295.96
D0202,CAD,AUD,2025-11-14T16:18:34Z,2322.34
D0203,CHF,EUR,2025-11-14T17:54:43Z,36775.09
D0204,JPY,CAD,2025-11-14T18:03:22Z,26414.61
D0205,GBP,EUR,2025-11-14T19:01:22Z,4443.33
D0206,CNY,USD,2025-11-14T20:24:46Z,38455.31
D0207,CNY,CAD,2025-11-14T21:32:24Z,17637.74
D0208,CNY,CHF,2025-11-14T22:36:21Z,32259.01
D0209,USD,CHF,2025-11-14T23:37:42Z,14565.63
D0210,JPY,CHF,2025-11-14T10:31:11Z,42115.05
D0211,CNY,AUD,2025-11-14T11:23:55Z,14897.47
D0212,GBP,CNY,2025-11-14T12:07:30Z,12774.88
D0213,EUR,JPY,2025-11-14T13:41:28Z,12349.01
D0214,AUD,CNY,2025-11-14T14:05:18Z,30303.16
D0215,CAD,USD,2025-11-14T15:13:26Z,36192.89
D0216,GBP,EUR,2025-11-14T16:45:53Z,44014.92
D0217,GBP,CAD,2025-11-14T17:53:02Z,34569.64
D0218,CAD,AUD,2025-11-14T18:19:32Z,548.02
D0219,USD,GBP,2025-11-14T19:53:45Z,48849.35
D0220,CAD,JPY,2025-11-14T20:16:31Z,23996.20
D0221,JPY,GBP,2025-11-14T21:39:50Z,9600.88
D0222,JPY,AUD,2025-11-14T22:42:10Z,9884.46
D0223,CAD,AUD,2025-11-14T23:52:06Z,16032.49
D0224,CAD,AUD,2025-11-14T10:25:16Z,7746.00
D0225,EUR,JPY,2025-11-14T11:09:27Z,10524.67
D0226,CHF,EUR,2025-11-14T12:31:41Z,10776.39
D0227,USD,CNY,2025-11-14T13:00:19Z,27690.96
D0228,USD,CHF,2025-11-14T14:34:18Z,19256.27
D0229,USD,JPY,2025-11-14T15:37:12Z,5747.99
D0230,CAD,USD,2025-11-14T16:45:40Z,40427.80
D0231,CAD,CNY,2025-11-14T17:51:24Z,31846.63
D0232,GBP,JPY,2025-11-14T18:55:57Z,10527.90
D0233,USD,JPY,2025-11-14T19:01:29Z,48753.26
D0234,JPY,GBP,2025-11-14T20:38:32Z,25336.53
D0235,USD,CAD,2025-11-14T21:37:45Z,39535.32
D0236,CHF,JPY,2025-11-14T22:53:16Z,20192.24
D0237,CAD,CHF,2025-11-14T23:06:24Z,37089.05
D0238,CHF,USD,2025-11-14T10:41:31Z,2910.45
D0239,AUD,JPY,2025-11-14T11:15:30Z,18508.64
D0240,CHF,JPY,2025-11-14T12:02:57Z,34683.82
D0241,USD,CNY,2025-11-14T13:17:35Z,48339.14
D0242,AUD,USD,2025-11-14T14:52:57Z,6824.70
D0243,AUD,EUR,2025-11-14T15:36:24Z,38774.76
D0244,AUD,CAD,2025-11-14T16:18:55Z,36243.61
D0245,AUD,USD,2025-11-14T17:31:56Z,41167.89
D0246,JPY,USD,2025-11-14T18:59:36Z,45305.33
D0247,AUD,USD,2025-11-14T19:31:19Z,11531.08
D0248,USD,AUD,2025-11-14T20:21:16Z,30502.34
D0249,AUD,USD,2025-11-14T21:07:53Z,27096.69
D0250,USD,AUD,2025-11-14T22:29:26Z,42668.80
D0251,GBP,CNY,2025-11-14T23:02:00Z,45745.32
D0252,CHF,AUD,2025-11-14T10:18:43Z,21608.85
D0253,EUR,USD,2025-11-14T11:03:00Z,27204.82
D0254,JPY,GBP,2025-11-14T12:08:34Z,23883.80
D0255,CNY,JPY,2025-11-14T13:28:01Z,16107.72
D0256,JPY,USD,2025-11-14T14:44:03Z,46319.08
D0257,CHF,CNY,2025-11-14T15:27:39Z,11917.64
D0258,JPY,CAD,2025-11-14T16:22:24Z,40450.57
D0259,CHF,CAD,2025-11-14T17:41:31Z,26651.17
D0260,AUD,CAD,2025-11-14T18:52:26Z,29127.16
D0261,CNY,CHF,2025-11-14T19:53:41Z,4806.73
D0262,GBP,CAD,2025-11-14T20:23:17Z,18375.93
D0263,JPY,GBP,2025-11-14T21:20:46Z,14874.21
D0264,CHF,JPY,2025-11-14T22:59:36Z,204.82
D0265,USD,AUD,2025-11-14T23:08:10Z,6144.65
D0266,EUR,JPY,2025-11-14T10:37:00Z,44298.65
D0267,EUR,GBP,2025-11-14T11:50:48Z,34538.54
D0268,USD,JPY,2025-11-14T12:30:09Z,19434.48
D0269,CHF,USD,2025-11-14T13:37:09Z,44399.52
D0270,USD,CNY,2025-11-14T14:49:18Z,32634.23
D0271,EUR,CAD,2025-11-14T15:16:19Z,18419.59
D0272,EUR,USD,2025-11-14T16:00:59Z,41965.02
D0273,GBP,CNY,2025-11-14T17:30:30Z,9024.13
D0274,USD,JPY,2025-11-14T18:32:31Z,43089.87
D0275,AUD,GBP,2025-11-14T19:27:05Z,11894.61
D0276,CAD,USD,2025-11-14T20:37:47Z,22552.32
D0277,CNY,JPY,2025-11-14T21:30:05Z,7246.34
D0278,CAD,CNY,2025-11-14T22:44:35Z,36405.06
D0279,CNY,JPY,2025-11-14T23:11:43Z,34498.35
D0280,CNY,EUR,2025-11-14T10:29:35Z,35164.06
D0281,EUR,CAD,2025-11-14T11:26:03Z,49443.52
D0282,CAD,JPY,2025-11-14T12:10:03Z,17437.41
D0283,JPY,AUD,2025-11-14T13:33:02Z,1151.22
D0284,AUD,EUR,2025-11-14T14:50:57Z,11564.29
D0285,USD,CAD,2025-11-14T15:31:05Z,30905.65
D0286,GBP,CAD,2025-11-14T16:54:19Z,34098.67
D0287,AUD,JPY,2025-11-14T17:57:05Z,26088.09
D0288,CHF,AUD,2025-11-14T18:29:01Z,24441.26
D0289,EUR,CAD,2025-11-14T19:05:16Z,28667.17
D0290,CAD,GBP,2025-11-14T20:43:36Z,49631.46
D0291,CNY,CAD,2025-11-14T21:22:21Z,5877.48
D0292,CHF,JPY,2025-11-14T22:22:14Z,16546.59
D0293,CNY,CHF,2025-11-14T23:21:48Z,48755.47
D0294,GBP,CHF,2025-11-14T10:32:49Z,2345.66
D0295,JPY,EUR,2025-11-14T11:02:04Z,32876.38
D0296,JPY,CAD,2025-11-14T12:52:13Z,32894.86
D0297,JPY,CHF,2025-11-14T13:55:48Z,5697.69
D0298,JPY,AUD,2025-11-14T14:02:16Z,40746.98
D0299,USD,CHF,2025-11-14T15:35:15Z,3441.23
D0300,EUR,CHF,2025-11-14T16:31:39Z,14840.17
D0301,CAD,EUR,2025-11-14T17:53:49Z,29420.64
D0302,JPY,USD,2025-11-14T18:46:38Z,36455.27
D0303,AUD,CNY,2025-11-14T19:51:16Z,147.75
D0304,USD,EUR,2025-11-14T20:11:23Z,36308.87
D0305,CHF,CNY,2025-11-14T21:40:37Z,24492.99
D0306,JPY,AUD,2025-11-14T22:09:28Z,34465.83
D0307,CNY,CAD,2025-11-14T23:36:35Z,15429.10
D0308,EUR,CNY,2025-11-14T10:37:15Z,17664.56
D0309,USD,CHF,2025-11-14T11:41:43Z,13910.28
D0310,CNY,AUD,2025-11-14T12:11:06Z,13641.96
D0311,AUD,USD,2025-11-14T13:13:52Z,45426.18
D0312,GBP,CAD,2025-11-14T14:45:05Z,23739.35
D0313,CNY,AUD,2025-11-14T15:52:18Z,24997.01
D0314,CHF,CAD,2025-11-14T16:37:37Z,33531.26
D0315,CHF,EUR,2025-11-14T17:34:00Z,4676.04
D0316,EUR,USD,2025-11-14T18:36:19Z,49572.55
D0317,EUR,CNY,2025-11-14T19:50:53Z,35215.37
D0318,USD,AUD,2025-11-14T20:41:12Z,11993.65
D0319,CNY,EUR,2025-11-14T21:56:47Z,41322.58
D0320,CNY,AUD,2025-11-14T22:00:13Z,13202.63
D0321,AUD,CHF,2025-11-14T23:02:46Z,34157.38
D0322,CHF,AUD,2025-11-14T10:36:19Z,3879.93
D0323,CHF,EUR,2025-11-14T11:59:34Z,22468.73
D0324,AUD,JPY,2025-11-14T12:21:02Z,49589.43
D0325,AUD,EUR,2025-11-14T13:34:40Z,22806.00
D0326,AUD,CHF,2025-11-14T14:49:09Z,37390.80
D0327,JPY,GBP,2025-11-14T15:23:54Z,48770.22
D0328,AUD,CNY,2025-11-14T16:02:48Z,19935.83
D0329,CHF,GBP,2025-11-14T17:51:16Z,45841.40
D0330,GBP,CAD,2025-11-14T18:47:10Z,45504.17
D0331,JPY,CNY,2025-11-14T19:05:19Z,41119.88
D0332,USD,JPY,2025-11-14T20:26:57Z,17285.32
D0333,CHF,GBP,2025-11-14T21:53:42Z,23677.31
D0334,AUD,CHF,2025-11-14T22:47:10Z,35404.01
D0335,AUD,EUR,2025-11-14T23:58:48Z,23035.41
D0336,USD,CNY,2025-11-14T10:17:27Z,3790.18
D0337,EUR,CNY,2025-11-14T11:00:51Z,32834.68
D0338,CNY,EUR,2025-11-14T12:52:39Z,12051.88
D0339,AUD,CAD,2025-11-14T13:47:48Z,48436.50
D0340,CAD,AUD,2025-11-14T14:50:03Z,13679.51
D0341,EUR,CAD,2025-11-14T15:28:38Z,11940.60
D0342,EUR,GBP,2025-11-14T16:01:44Z,45040.26
D0343,JPY,AUD,2025-11-14T17:24:06Z,24135.06
D0344,CHF,AUD,2025-11-14T18:45:23Z,23277.34
D0345,USD,CNY,2025-11-14T19:51:12Z,41689.36
D0346,EUR,GBP,2025-11-14T20:22:34Z,28533.00
D0347,USD,GBP,2025-11-14T21:47:46Z,40161.68
D0348,JPY,CHF,2025-11-14T22:48:38Z,5469.65
D0349,EUR,GBP,2025-11-14T23:06:28Z,22306.94
D0350,CNY,CAD,2025-11-14T10:50:34Z,12395.92
D0351,AUD,CAD,2025-11-14T11:19:57Z,41096.07
D0352,EUR,AUD,2025-11-14T12:04:43Z,20723.05
D0353,CHF,GBP,2025-11-14T13:36:57Z,49249.41
D0354,CHF,CAD,2025-11-14T14:29:15Z,39499.69
D0355,CNY,JPY,2025-11-14T15:56:58Z,2714.39
D0356,JPY,CNY,2025-11-14T16:32:38Z,10211.99
D0357,CHF,EUR,2025-11-14T17:18:10Z,16798.38
D0358,CNY,USD,2025-11-14T18:20:31Z,15312.08
D0359,AUD,USD,2025-11-14T19:29:38Z,47072.05
D0360,JPY,CAD,2025-11-14T20:09:48Z,36119.72
D0361,JPY,GBP,2025-11-14T21:28:23Z,30731.84
D0362,EUR,GBP,2025-11-14T22:38:20Z,1491.93
D0363,CHF,CNY,2025-11-14T23:40:47Z,30560.63
D0364,USD,AUD,2025-11-14T10:54:18Z,2072.75
D0365,USD,EUR,2025-11-14T11:11:34Z,6779.24
D0366,EUR,USD,2025-11-14T12:05:00Z,17638.73
D0367,CNY,CAD,2025-11-14T13:26:54Z,35260.94
D0368,CHF,EUR,2025-11-14T14:55:04Z,3807.26
D0369,EUR,JPY,2025-11-14T15:35:31Z,15469.16
D0370,CAD,EUR,2025-11-14T16:53:45Z,42180.19
D0371,JPY,CHF,2025-11-14T17:18:44Z,20831.43
D0372,CAD,GBP,2025-11-14T18:13:50Z,48819.59
D0373,GBP,JPY,2025-11-14T19:36:20Z,4739.87
D0374,CHF,CAD,2025-11-14T20:08:59Z,20656.17
D0375,EUR,CAD,2025-11-14T21:03:54Z,47407.02
D0376,GBP,AUD,2025-11-14T22:57:37Z,13134.08
D0377,USD,JPY,2025-11-14T23:01:47Z,10004.14
D0378,USD,JPY,2025-11-14T10:43:02Z,30610.75
D0379,CHF,CAD,2025-11-14T11:48:45Z,4766.13
D0380,CNY,JPY,2025-11-14T12:11:47Z,20409.36
D0381,AUD,JPY,2025-11-14T13:52:24Z,37778.26
D0382,JPY,EUR,2025-11-14T14:05:01Z,26440.72
D0383,GBP,JPY,2025-11-14T15:53:36Z,6025.94
D0384,AUD,EUR,2025-11-14T16:52:37Z,20853.97
D0385,USD,AUD,2025-11-14T17:59:19Z,18237.00
D0386,CHF,JPY,2025-11-14T18:01:52Z,36685.73
D0387,CAD,CNY,2025-11-14T19:41:12Z,21498.19
D0388,CAD,USD,2025-11-14T20:10:03Z,26001.45
D0389,CNY,CAD,2025-11-14T21:24:50Z,4791.19
D0390,CAD,JPY,2025-11-14T22:04:22Z,38470.11
D0391,JPY,CAD,2025-11-14T23:00:27Z,176.35
D0392,AUD,CNY,2025-11-14T10:16:23Z,17174.13
D0393,CHF,AUD,2025-11-14T11:41:03Z,17729.32
D0394,CAD,CHF,2025-11-14T12:51:18Z,15134.32
D0395,CNY,AUD,2025-11-14T13:34:21Z,35154.66
D0396,AUD,CHF,2025-11-14T14:46:37Z,36846.96
D0397,USD,CAD,2025-11-14T15:07:13Z,25338.74
D0398,CNY,CHF,2025-11-14T16:19:56Z,46488.14
D0399,GBP,CNY,2025-11-14T17:25:11Z,940.21
D0400,GBP,AUD,2025-11-14T18:06:10Z,2956.50
D0401,CNY,EUR,2025-11-14T19:23:13Z,47999.02
D0402,GBP,EUR,2025-11-14T20:22:31Z,9355.24
D0403,CHF,CNY,2025-11-14T21:30:43Z,41150.38
D0404,CHF,JPY,2025-11-14T22:02:39Z,19394.27
D0405,AUD,JPY,2025-11-14T23:16:42Z,19463.06
D0406,CNY,GBP,2025-11-14T10:51:39Z,27975.34
D0407,CHF,AUD,2025-11-14T11:24:42Z,38372.14
D0408,CNY,CAD,2025-11-14T12:03:25Z,24552.26
D0409,CAD,EUR,2025-11-14T13:25:30Z,24284.36
D0410,CAD,EUR,2025-11-14T14:13:40Z,30480.07
D0411,EUR,CNY,2025-11-14T15:46:09Z,15511.78
D0412,AUD,USD,2025-11-14T16:02:45Z,1890.77
D0413,AUD,JPY,2025-11-14T17:28:45Z,44655.08
D0414,EUR,JPY,2025-11-14T18:03:00Z,23737.15
D0415,GBP,CAD,2025-11-14T19:06:35Z,4199.87
D0416,GBP,AUD,2025-11-14T20:30:44Z,15877.66
D0417,CHF,AUD,2025-11-14T21:06:10Z,35111.42
D0418,CHF,JPY,2025-11-14T22:01:03Z,45277.98
D0419,CHF,CAD,2025-11-14T23:19:26Z,33573.03
D0420,GBP,JPY,2025-11-14T10:31:18Z,24032.76
D0421,CAD,JPY,2025-11-14T11:53:22Z,46628.20
D0422,JPY,GBP,2025-11-14T12:18:24Z,4686.07
D0423,JPY,CNY,2025-11-14T13:21:01Z,29637.16
D0424,GBP,JPY,2025-11-14T14:43:51Z,35023.47
D0425,CNY,USD,2025-11-14T15:52:52Z,13193.44
D0426,EUR,GBP,2025-11-14T16:07:29Z,1047.95
D0427,JPY,CNY,2025-11-14T17:22:18Z,32848.44
D0428,EUR,AUD,2025-11-14T18:08:38Z,14307.42
D0429,JPY,EUR,2025-11-14T19:52:02Z,37141.61
D0430,CAD,USD,2025-11-14T20:57:09Z,42691.90
D0431,CNY,USD,2025-11-14T21:26:13Z,29741.13
D0432,AUD,JPY,2025-11-14T22:17:38Z,30484.92
D0433,USD,EUR,2025-11-14T23:55:22Z,35687.89
D0434,CAD,CHF,2025-11-14T10:34:14Z,4865.62
D0435,JPY,GBP,2025-11-14T11:44:39Z,33184.06
D0436,CAD,CHF,2025-11-14T12:10:47Z,22507.66
D0437,USD,AUD,2025-11-14T13:38:00Z,19994.09
D0438,CNY,CAD,2025-11-14T14:36:14Z,34331.50
D0439,CNY,USD,2025-11-14T15:38:35Z,46126.53
D0440,CAD,GBP,2025-11-14T16:51:58Z,48839.93
D0441,GBP,USD,2025-11-14T17:49:18Z,43037.00
D0442,CHF,GBP,2025-11-14T18:57:23Z,5466.57
D0443,AUD,CAD,2025-11-14T19:17:31Z,830.32
D0444,CAD,EUR,2025-11-14T20:10:45Z,5222.31
D0445,GBP,JPY,2025-11-14T21:14:25Z,20152.53
D0446,CAD,GBP,2025-11-14T22:04:30Z,23623.73
D0447,CAD,EUR,2025-11-14T23:53:25Z,47250.44
D0448,CHF,CAD,2025-11-14T10:11:13Z,23333.59
D0449,USD,GBP,2025-11-14T11:28:41Z,25485.47
D0450,CHF,GBP,2025-11-14T12:55:37Z,3490.60
D0451,USD,EUR,2025-11-14T13:47:33Z,43644.58
D0452,GBP,JPY,2025-11-14T14:40:26Z,923.65
D0453,CNY,USD,2025-11-14T15:58:38Z,44370.69
D0454,AUD,JPY,2025-11-14T16:28:09Z,36787.56
D0455,USD,JPY,2025-11-14T17:32:16Z,25818.49
D0456,GBP,EUR,2025-11-14T18:13:10Z,9931.88
D0457,GBP,CNY,2025-11-14T19:20:45Z,35086.21
D0458,GBP,CHF,2025-11-14T20:43:41Z,27039.59
D0459,USD,AUD,2025-11-14T21:03:14Z,32267.52
D0460,CNY,AUD,2025-11-14T22:16:21Z,9347.38
D0461,USD,GBP,2025-11-14T23:58:40Z,19543.99
D0462,CNY,EUR,2025-11-14T10:03:23Z,40237.75
D0463,USD,CNY,2025-11-14T11:25:25Z,45538.58
D0464,GBP,USD,2025-11-14T12:42:47Z,42579.19
D0465,AUD,CHF,2025-11-14T13:33:55Z,23561.43
D0466,AUD,CNY,2025-11-14T14:39:45Z,44619.25
D0467,JPY,CHF,2025-11-14T15:55:14Z,2610.44
D0468,AUD,CHF,2025-11-14T16:02:39Z,14531.10
D0469,CHF,AUD,2025-11-14T17:36:29Z,30075.97
D0470,CHF,JPY,2025-11-14T18:30:43Z,33405.65
D0471,AUD,CNY,2025-11-14T19:21:16Z,48234.18
D0472,CHF,AUD,2025-11-14T20:45:52Z,46758.72
D0473,EUR,USD,2025-11-14T21:43:41Z,36941.42
D0474,JPY,GBP,2025-11-14T22:50:31Z,41926.51
D0475,CNY,CHF,2025-11-14T23:12:30Z,41336.95
D0476,CAD,CNY,2025-11-14T10:24:26Z,31047.64
D0477,GBP,CHF,2025-11-14T11:39:27Z,48637.93
D0478,EUR,CAD,2025-11-14T12:09:16Z,23998.09
D0479,EUR,GBP,2025-11-14T13:40:38Z,8013.99
D0480,CAD,USD,2025-11-14T14:56:22Z,14588.15
D0481,USD,GBP,2025-11-14T15:16:31Z,13012.98
D0482,GBP,CAD,2025-11-14T16:59:01Z,44398.13
D0483,AUD,CNY,2025-11-14T17:35:30Z,26188.71
D0484,AUD,GBP,2025-11-14T18:29:00Z,25272.07
D0485,CAD,CHF,2025-11-14T19:40:50Z,18549.39
D0486,GBP,CHF,2025-11-14T20:18:47Z,49021.12
D0487,EUR,CNY,2025-11-14T21:33:24Z,22871.86
D0488,GBP,CAD,2025-11-14T22:24:16Z,28339.32
D0489,CAD,GBP,2025-11-14T23:59:05Z,7993.12
D0490,JPY,CNY,2025-11-14T10:39:21Z,102.92
D0491,CNY,CAD,2025-11-14T11:53:23Z,923.33
D0492,USD,AUD,2025-11-14T12:07:23Z,43169.06
D0493,CHF,CAD,2025-11-14T13:02:15Z,265.25
D0494,GBP,CHF,2025-11-14T14:26:13Z,36327.45
D0495,CHF,EUR,2025-11-14T15:42:16Z,29882.62
D0496,GBP,JPY,2025-11-14T16:44:23Z,23984.30
D0497,CHF,EUR,2025-11-14T17:28:51Z,7508.87
D0498,USD,CAD,2025-11-14T18:14:28Z,8558.95
D0499,JPY,EUR,2025-11-14T19:39:45Z,48769.78
D0500,AUD,CAD,2025-11-14T20:38:21Z,635.41
D0501,AUD,USD,2025-11-14T21:10:52Z,17358.02
D0502,CHF,CAD,2025-11-14T22:00:19Z,35302.13
D0503,JPY,CAD,2025-11-14T23:01:07Z,39926.95
D0504,GBP,CNY,2025-11-14T10:46:51Z,7426.21
D0505,CHF,AUD,2025-11-14T11:43:19Z,9121.86
D0506,CNY,GBP,2025-11-14T12:10:46Z,6914.93
D0507,EUR,GBP,2025-11-14T13:34:02Z,24960.60
D0508,EUR,CHF,2025-11-14T14:17:29Z,27046.06
D0509,CAD,USD,2025-11-14T15:15:37Z,43420.73
D0510,USD,CAD,2025-11-14T16:35:02Z,26708.42
D0511,USD,JPY,2025-11-14T17:56:25Z,17770.60
D0512,USD,AUD,2025-11-14T18:52:04Z,15135.77
D0513,EUR,JPY,2025-11-14T19:46:36Z,12717.91
D0514,USD,EUR,2025-11-14T20:14:34Z,20172.73
D0515,CNY,CAD,2025-11-14T21:22:42Z,34153.55
D0516,USD,CAD,2025-11-14T22:07:51Z,6891.99
D0517,CHF,JPY,2025-11-14T23:49:43Z,15813.94
D0518,USD,CNY,2025-11-14T10:43:51Z,11768.15
D0519,USD,CHF,2025-11-14T11:10:44Z,17260.08
D0520,GBP,AUD,2025-11-14T12:43:03Z,3635.07
D0521,CAD,GBP,2025-11-14T13:00:47Z,1581.62
D0522,CHF,JPY,2025-11-14T14:06:01Z,18550.16
D0523,EUR,CAD,2025-11-14T15:28:42Z,26163.44
D0524,CAD,USD,2025-11-14T16:31:18Z,45210.30
D0525,EUR,JPY,2025-11-14T17:03:14Z,15827.38
D0526,JPY,EUR,2025-11-14T18:51:10Z,48055.03
D0527,CAD,AUD,2025-11-14T19:33:51Z,26989.16
D0528,CAD,CHF,2025-11-14T20:47:01Z,14185.69
D0529,JPY,USD,2025-11-14T21:14:17Z,29845.04
D0530,EUR,CNY,2025-11-14T22:39:49Z,46466.24
D0531,CAD,AUD,2025-11-14T23:17:21Z,24171.15
D0532,EUR,AUD,2025-11-14T10:56:40Z,30243.67
D0533,CNY,CHF,2025-11-14T11:03:00Z,25768.29
D0534,EUR,AUD,2025-11-14T12:31:16Z,39491.19
D0535,CHF,CNY,2025-11-14T13:32:39Z,6027.16
D0536,CHF,CNY,2025-11-14T14:25:48Z,14582.84
D0537,CNY,USD,2025-11-14T15:45:02Z,24479.22
D0538,CHF,CAD,2025-11-14T16:55:47Z,30639.31
D0539,CAD,GBP,2025-11-14T17:59:40Z,47202.83
D0540,CAD,USD,2025-11-14T18:41:55Z,31146.41
D0541,AUD,CHF,2025-11-14T19:49:34Z,23643.51
D0542,USD,GBP,2025-11-14T20:54:01Z,32375.37
D0543,JPY,CNY,2025-11-14T21:14:40Z,44647.86
D0544,CHF,AUD,2025-11-14T22:53:06Z,10463.68
D0545,AUD,EUR,2025-11-14T23:10:05Z,13018.85
D0546,CNY,CHF,2025-11-14T10:52:04Z,25083.80
D0547,CHF,JPY,2025-11-14T11:28:23Z,37934.32
D0548,JPY,CAD,2025-11-14T12:29:24Z,24407.07
D0549,USD,AUD,2025-11-14T13:03:50Z,34343.96
D0550,USD,CNY,2025-11-14T14:19:17Z,48646.21
D0551,CNY,CAD,2025-11-14T15:42:32Z,19995.13
D0552,CHF,CNY,2025-11-14T16:22:52Z,30586.35
D0553,USD,CNY,2025-11-14T17:39:29Z,35850.58
D0554,USD,CAD,2025-11-14T18:53:32Z,13205.42
D0555,GBP,CAD,2025-11-14T19:02:39Z,49300.74
D0556,AUD,CHF,2025-11-14T20:29:02Z,35095.89
D0557,CNY,CHF,2025-11-14T21:53:26Z,41196.45
D0558,GBP,AUD,2025-11-14T22:21:49Z,1224.51
D0559,AUD,EUR,2025-11-14T23:47:33Z,18426.42
D0560,GBP,CAD,2025-11-14T10:57:51Z,35033.82
D0561,CNY,CAD,2025-11-14T11:30:36Z,38616.63
D0562,CAD,JPY,2025-11-14T12:12:55Z,29948.92
D0563,JPY,CNY,2025-11-14T13:40:28Z,17332.80
D0564,JPY,CNY,2025-11-14T14:29:42Z,28103.04
D0565,CAD,GBP,2025-11-14T15:50:24Z,48642.74
D0566,CHF,EUR,2025-11-14T16:44:32Z,29536.16
D0567,CAD,USD,2025-11-14T17:55:12Z,44018.74
D0568,CHF,USD,2025-11-14T18:54:27Z,4316.06
D0569,JPY,GBP,2025-11-14T19:47:04Z,19050.32
D0570,CAD,CNY,2025-11-14T20:53:21Z,20038.11
D0571,CNY,EUR,2025-11-14T21:08:26Z,25898.34
D0572,USD,CNY,2025-11-14T22:01:47Z,17415.28
D0573,AUD,EUR,2025-11-14T23:09:48Z,31201.07
D0574,JPY,EUR,2025-11-14T10:10:52Z,19906.44
D0575,CNY,EUR,2025-11-14T11:03:31Z,22326.33
D0576,AUD,GBP,2025-11-14T12:53:48Z,9629.73
D0577,CAD,AUD,2025-11-14T13:34:11Z,27758.04
D0578,EUR,JPY,2025-11-14T14:28:35Z,20273.23
D0579,GBP,CHF,2025-11-14T15:06:16Z,31488.13
D0580,CAD,JPY,2025-11-14T16:01:31Z,22159.34
D0581,GBP,CHF,2025-11-14T17:36:06Z,9385.21
D0582,JPY,CNY,2025-11-14T18:57:00Z,13641.71
D0583,JPY,USD,2025-11-14T19:47:33Z,45738.15
D0584,CHF,JPY,2025-11-14T20:41:17Z,43776.45
D0585,EUR,CNY,2025-11-14T21:33:15Z,18628.74
D0586,CNY,GBP,2025-11-14T22:20:15Z,19952.80
D0587,AUD,CAD,2025-11-14T23:13:43Z,2494.40
D0588,USD,AUD,2025-11-14T10:05:03Z,3060.54
D0589,CNY,CHF,2025-11-14T11:49:00Z,26812.86
D0590,GBP,AUD,2025-11-14T12:55:17Z,40778.57
D0591,AUD,EUR,2025-11-14T13:51:28Z,8495.98
D0592,EUR,USD,2025-11-14T14:09:19Z,26895.52
D0593,JPY,EUR,2025-11-14T15:23:37Z,17889.47
D0594,CNY,GBP,2025-11-14T16:49:38Z,3907.47
D0595,CHF,EUR,2025-11-14T17:20:45Z,33794.26
D0596,USD,CNY,2025-11-14T18:29:00Z,1969.52
D0597,CAD,GBP,2025-11-14T19:38:45Z,38017.92
D0598,EUR,GBP,2025-11-14T20:49:08Z,15325.64
D0599,CHF,CAD,2025-11-14T21:02:50Z,17786.21
D0600,CHF,USD,2025-11-14T22:41:43Z,14877.67
D0601,USD,EUR,2025-11-14T23:48:08Z,26885.25
D0602,JPY,CAD,2025-11-14T10:13:08Z,21209.26
D0603,JPY,CAD,2025-11-14T11:55:48Z,18269.58
D0604,AUD,CNY,2025-11-14T12:22:19Z,8461.60
D0605,AUD,EUR,2025-11-14T13:46:35Z,17242.61
D0606,GBP,EUR,2025-11-14T14:45:08Z,6114.97
D0607,GBP,CAD,2025-11-14T15:01:32Z,38923.62
D0608,GBP,JPY,2025-11-14T16:43:51Z,8465.91
D0609,CHF,AUD,2025-11-14T17:13:59Z,40684.64
D0610,EUR,GBP,2025-11-14T18:04:41Z,40731.79
D0611,EUR,CNY,2025-11-14T19:47:23Z,2150.59
D0612,USD,CNY,2025-11-14T20:33:07Z,12798.72
D0613,CNY,GBP,2025-11-14T21:06:36Z,32543.16
D0614,JPY,USD,2025-11-14T22:46:41Z,14025.88
D0615,CNY,CAD,2025-11-14T23:19:42Z,45047.94
D0616,AUD,JPY,2025-11-14T10:45:01Z,37803.39
D0617,CAD,USD,2025-11-14T11:08:28Z,30872.12
D0618,JPY,AUD,2025-11-14T12:45:23Z,30785.30
D0619,CHF,CAD,2025-11-14T13:50:08Z,21989.93
D0620,CNY,JPY,2025-11-14T14:04:11Z,9584.90
D0621,CNY,AUD,2025-11-14T15:38:07Z,28763.31
D0622,CAD,GBP,2025-11-14T16:41:37Z,9422.80
D0623,JPY,AUD,2025-11-14T17:58:38Z,48386.86
D0624,CHF,EUR,2025-11-14T18:57:12Z,20480.23
D0625,CAD,JPY,2025-11-14T19:44:10Z,39042.27
D0626,EUR,CHF,2025-11-14T20:17:04Z,274.16
D0627,AUD,EUR,2025-11-14T21:38:38Z,12357.04
D0628,CNY,GBP,2025-11-14T22:41:40Z,6656.89
D0629,JPY,CHF,2025-11-14T23:53:56Z,48700.13
D0630,AUD,USD,2025-11-14T10:03:16Z,13767.49
D0631,EUR,GBP,2025-11-14T11:43:45Z,32743.20
D0632,AUD,CHF,2025-11-14T12:45:53Z,4202.64
D0633,CAD,EUR,2025-11-14T13:19:50Z,47319.76
D0634,USD,GBP,2025-11-14T14:35:14Z,16466.62
D0635,JPY,GBP,2025-11-14T15:30:39Z,40490.93
D0636,CAD,AUD,2025-11-14T16:45:13Z,20064.51
D0637,GBP,CAD,2025-11-14T17:15:00Z,33741.81
D0638,EUR,JPY,2025-11-14T18:39:19Z,34209.63
D0639,USD,JPY,2025-11-14T19:25:29Z,45440.35
D0640,CNY,EUR,2025-11-14T20:06:11Z,46000.11
D0641,CNY,GBP,2025-11-14T21:34:47Z,16617.49
D0642,JPY,EUR,2025-11-14T22:44:43Z,46289.29
D0643,JPY,EUR,2025-11-14T23:58:49Z,27332.73
D0644,AUD,CAD,2025-11-14T10:14:13Z,18799.55
D0645,JPY,AUD,2025-11-14T11:30:11Z,18463.76
D0646,USD,CAD,2025-11-14T12:04:15Z,10030.31
D0647,CAD,JPY,2025-11-14T13:40:06Z,42450.48
D0648,EUR,CHF,2025-11-14T14:38:34Z,17137.01
D0649,USD,GBP,2025-11-14T15:52:09Z,37235.29
D0650,CNY,GBP,2025-11-14T16:32:36Z,18906.42
D0651,CNY,AUD,2025-11-14T17:36:12Z,40794.06
D0652,USD,CHF,2025-11-14T18:14:13Z,30903.46
D0653,CNY,CHF,2025-11-14T19:18:31Z,22537.20
D0654,USD,AUD,2025-11-14T20:03:57Z,40013.53
D0655,CAD,CNY,2025-11-14T21:24:19Z,46943.85
D0656,AUD,CHF,2025-11-14T22:52:45Z,35739.95
D0657,JPY,CAD,2025-11-14T23:26:33Z,43438.97
D0658,EUR,CHF,2025-11-14T10:34:13Z,10326.61
D0659,EUR,AUD,2025-11-14T11:38:58Z,6369.47
D0660,JPY,EUR,2025-11-14T12:17:23Z,27614.17
D0661,AUD,EUR,2025-11-14T13:08:22Z,12685.47
D0662,JPY,AUD,2025-11-14T14:59:16Z,16421.00
D0663,CAD,CHF,2025-11-14T15:07:02Z,29534.84
D0664,GBP,AUD,2025-11-14T16:21:07Z,12493.86
D0665,CHF,GBP,2025-11-14T17:04:58Z,12376.15
D0666,EUR,CNY,2025-11-14T18:33:30Z,36855.28
D0667,USD,GBP,2025-11-14T19:46:10Z,6927.27
D0668,CAD,USD,2025-11-14T20:55:36Z,32052.13
D0669,CAD,GBP,2025-11-14T21:12:10Z,17934.75
D0670,JPY,USD,2025-11-14T22:18:12Z,23718.21
D0671,JPY,EUR,2025-11-14T23:04:58Z,25548.39
D0672,JPY,CHF,2025-11-14T10:45:22Z,14333.03
D0673,USD,EUR,2025-11-14T11:49:08Z,18447.56
D0674,EUR,JPY,2025-11-14T12:03:10Z,34538.35
D0675,GBP,CAD,2025-11-14T13:44:59Z,34940.28
D0676,CNY,GBP,2025-11-14T14:05:26Z,30560.65
D0677,GBP,AUD,2025-11-14T15:17:02Z,586.53
D0678,JPY,CHF,2025-11-14T16:00:37Z,9765.40
D0679,CNY,EUR,2025-11-14T17:30:20Z,1564.34
D0680,CHF,CNY,2025-11-14T18:16:22Z,39843.76
D0681,JPY,GBP,2025-11-14T19:11:26Z,27545.54
D0682,USD,CAD,2025-11-14T20:58:14Z,2883.05
D0683,USD,AUD,2025-11-14T21:47:32Z,37711.99
D0684,JPY,EUR,2025-11-14T22:47:29Z,22195.41
D0685,GBP,AUD,2025-11-14T23:45:31Z,19960.36
D0686,JPY,AUD,2025-11-14T10:15:03Z,41215.54
D0687,CNY,GBP,2025-11-14T11:42:55Z,49033.45
D0688,CHF,CAD,2025-11-14T12:01:38Z,20425.14
D0689,CHF,JPY,2025-11-14T13:07:13Z,39778.60
D0690,USD,JPY,2025-11-14T14:08:21Z,39632.26
D0691,GBP,EUR,2025-11-14T15:22:58Z,4585.68
D0692,CNY,CHF,2025-11-14T16:43:40Z,28892.24
D0693,AUD,GBP,2025-11-14T17:42:14Z,7925.95
D0694,CHF,CAD,2025-11-14T18:31:23Z,45389.69
D0695,USD,CNY,2025-11-14T19:36:06Z,10672.23
D0696,USD,GBP,2025-11-14T20:37:55Z,21379.76
D0697,GBP,USD,2025-11-14T21:53:13Z,41355.51
D0698,USD,AUD,2025-11-14T22:37:07Z,47349.32
D0699,CAD,CHF,2025-11-14T23:54:58Z,47766.85
D0700,CHF,GBP,2025-11-14T10:09:17Z,24815.22
D0701,CNY,AUD,2025-11-14T11:07:59Z,40293.60
D0702,CNY,JPY,2025-11-14T12:03:57Z,31675.30
D0703,AUD,CHF,2025-11-14T13:32:35Z,3240.50
D0704,EUR,CHF,2025-11-14T14:27:05Z,9322.90
D0705,CHF,CAD,2025-11-14T15:58:59Z,31956.45
D0706,CHF,GBP,2025-11-14T16:18:47Z,48244.29
D0707,GBP,EUR,2025-11-14T17:20:34Z,36110.85
D0708,CHF,CAD,2025-11-14T18:46:06Z,14191.55
D0709,AUD,EUR,2025-11-14T19:54:22Z,5060.66
D0710,CHF,USD,2025-11-14T20:34:42Z,46371.35
D0711,USD,CAD,2025-11-14T21:00:55Z,18795.55
D0712,AUD,USD,2025-11-14T22:36:29Z,27742.40
D0713,USD,GBP,2025-11-14T23:57:03Z,25958.94
D0714,AUD,EUR,2025-11-14T10:08:08Z,3365.70
D0715,CHF,CAD,2025-11-14T11:36:26Z,412.11
D0716,GBP,CAD,2025-11-14T12:11:52Z,45556.12
D0717,USD,AUD,2025-11-14T13:42:04Z,19301.33
D0718,AUD,CNY,2025-11-14T14:52:46Z,36359.53
D0719,CAD,USD,2025-11-14T15:44:56Z,32304.84
D0720,USD,JPY,2025-11-14T16:09:27Z,34700.74
D0721,CNY,EUR,2025-11-14T17:40:53Z,8798.36
D0722,AUD,CNY,2025-11-14T18:02:49Z,43076.36
D0723,USD,AUD,2025-11-14T19:02:32Z,42969.64
D0724,CHF,USD,2025-11-14T20:46:19Z,10242.25
D0725,AUD,EUR,2025-11-14T21:31:50Z,2266.87
D0726,JPY,USD,2025-11-14T22:42:31Z,5904.01
D0727,CHF,GBP,2025-11-14T23:01:46Z,13213.66
D0728,AUD,CAD,2025-11-14T10:50:59Z,12916.51
D0729,GBP,CHF,2025-11-14T11:23:20Z,34598.97
D0730,CHF,CAD,2025-11-14T12:15:21Z,39281.73
D0731,GBP,EUR,2025-11-14T13:03:56Z,29728.19
D0732,GBP,USD,2025-11-14T14:31:13Z,36668.31
D0733,EUR,CAD,2025-11-14T15:10:05Z,48873.41
D0734,CHF,JPY,2025-11-14T16:57:30Z,23092.22
D0735,EUR,AUD,2025-11-14T17:34:33Z,32902.91
D0736,EUR,GBP,2025-11-14T18:07:46Z,20529.10
D0737,CNY,EUR,2025-11-14T19:32:28Z,38766.85
D0738,JPY,GBP,2025-11-14T20:54:20Z,24254.32
D0739,JPY,CAD,2025-11-14T21:38:39Z,47654.47
D0740,CAD,CNY,2025-11-14T22:43:31Z,6919.73
D0741,AUD,CNY,2025-11-14T23:06:49Z,31624.45
D0742,CNY,EUR,2025-11-14T10:11:15Z,29563.36
D0743,USD,GBP,2025-11-14T11:52:49Z,2482.05
D0744,AUD,CHF,2025-11-14T12:07:24Z,12988.30
D0745,CAD,JPY,2025-11-14T13:51:51Z,34101.94
D0746,CAD,AUD,2025-11-14T14:00:20Z,36285.05
D0747,JPY,CHF,2025-11-14T15:34:19Z,21313.70
D0748,CAD,JPY,2025-11-14T16:34:14Z,40149.37
D0749,EUR,GBP,2025-11-14T17:31:37Z,48636.67
D0750,CAD,CNY,2025-11-14T18:42:56Z,24625.89
D0751,CAD,AUD,2025-11-14T19:14:12Z,35937.23
D0752,JPY,CHF,2025-11-14T20:13:17Z,28727.01
D0753,USD,JPY,2025-11-14T21:39:08Z,37615.19
D0754,GBP,USD,2025-11-14T22:52:26Z,4725.57
D0755,CNY,AUD,2025-11-14T23:34:21Z,48879.92
D0756,GBP,USD,2025-11-14T10:48:38Z,48744.21
D0757,AUD,JPY,2025-11-14T11:43:09Z,20526.40
D0758,CHF,CNY,2025-11-14T12:43:32Z,39487.11
D0759,GBP,AUD,2025-11-14T13:44:57Z,43258.31
D0760,JPY,USD,2025-11-14T14:51:09Z,1275.33
D0761,AUD,CHF,2025-11-14T15:00:50Z,1359.09
D0762,CNY,CAD,2025-11-14T16:53:28Z,30007.87
D0763,CAD,USD,2025-11-14T17:51:17Z,46082.68
D0764,JPY,GBP,2025-11-14T18:19:25Z,142.73
D0765,AUD,USD,2025-11-14T19:17:59Z,27453.32
D0766,CAD,CNY,2025-11-14T20:20:32Z,39047.63
D0767,AUD,CAD,2025-11-14T21:45:05Z,18829.31
D0768,CAD,CNY,2025-11-14T22:42:12Z,39699.69
D0769,USD,JPY,2025-11-14T23:14:53Z,19010.57
D0770,EUR,GBP,2025-11-14T10:44:23Z,7159.78
D0771,GBP,CHF,2025-11-14T11:15:36Z,40196.79
D0772,CHF,AUD,2025-11-14T12:33:50Z,5967.35
D0773,CHF,USD,2025-11-14T13:57:39Z,42856.63
D0774,GBP,AUD,2025-11-14T14:46:46Z,8288.04
D0775,CAD,EUR,2025-11-14T15:52:30Z,29503.36
D0776,USD,AUD,2025-11-14T16:46:36Z,32907.20
D0777,CNY,EUR,2025-11-14T17:53:51Z,30952.51
D0778,GBP,EUR,2025-11-14T18:41:39Z,12280.72
D0779,USD,CNY,2025-11-14T19:08:14Z,6727.50
D0780,CAD,JPY,2025-11-14T20:56:34Z,39581.92
D0781,GBP,CHF,2025-11-14T21:14:17Z,17845.71
D0782,CHF,AUD,2025-11-14T22:12:33Z,32235.41
D0783,CAD,CNY,2025-11-14T23:32:59Z,6923.75
D0784,CHF,EUR,2025-11-14T10:36:09Z,37993.51
D0785,EUR,CAD,2025-11-14T11:29:58Z,11625.67
D0786,GBP,CAD,2025-11-14T12:17:56Z,5301.96
D0787,CAD,AUD,2025-11-14T13:43:12Z,3934.07
D0788,USD,CHF,2025-11-14T14:46:27Z,28032.17
D0789,EUR,AUD,2025-11-14T15:31:54Z,48521.17
D0790,JPY,USD,2025-11-14T16:13:13Z,29313.31
D0791,CHF,CNY,2025-11-14T17:48:38Z,35108.44
D0792,CNY,JPY,2025-11-14T18:47:19Z,26047.41
D0793,CAD,CHF,2025-11-14T19:14:31Z,28526.01
D0794,EUR,JPY,2025-11-14T20:12:56Z,29964.56
D0795,CAD,AUD,2025-11-14T21:34:04Z,46713.16
D0796,GBP,CNY,2025-11-14T22:22:11Z,13487.65
D0797,USD,GBP,2025-11-14T23:01:55Z,45982.15
D0798,CHF,GBP,2025-11-14T10:40:56Z,9778.28
D0799,CNY,GBP,2025-11-14T11:14:39Z,32615.18
D0800,USD,EUR,2025-11-14T12:28:26Z,21517.79
D0801,JPY,CAD,2025-11-14T13:09:32Z,21501.14
D0802,USD,CAD,2025-11-14T14:04:37Z,8598.90
D0803,CAD,AUD,2025-11-14T15:25:02Z,15846.66
D0804,EUR,USD,2025-11-14T16:53:12Z,18305.48
D0805,USD,CHF,2025-11-14T17:39:39Z,21139.02
D0806,JPY,GBP,2025-11-14T18:08:23Z,25439.84
D0807,CNY,USD,2025-11-14T19:42:47Z,6633.88
D0808,JPY,AUD,2025-11-14T20:51:58Z,3230.89
D0809,JPY,EUR,2025-11-14T21:57:16Z,25527.11
D0810,CAD,AUD,2025-11-14T22:50:41Z,13870.88
D0811,CNY,CHF,2025-11-14T23:23:16Z,33844.85
D0812,USD,CHF,2025-11-14T10:48:05Z,45139.76
D0813,EUR,AUD,2025-11-14T11:28:49Z,25064.01
D0814,JPY,CAD,2025-11-14T12:46:47Z,16415.11
D0815,GBP,AUD,2025-11-14T13:13:11Z,32769.63
D0816,JPY,CHF,2025-11-14T14:27:44Z,8354.09
D0817,JPY,CAD,2025-11-14T15:58:11Z,18096.65
D0818,JPY,CAD,2025-11-14T16:16:50Z,31373.56
D0819,AUD,CAD,2025-11-14T17:16:24Z,19063.46
D0820,CNY,USD,2025-11-14T18:25:29Z,23012.40
D0821,CAD,CHF,2025-11-14T19:59:07Z,5559.34
D0822,CNY,AUD,2025-11-14T20:57:34Z,44781.95
D0823,JPY,CNY,2025-11-14T21:32:08Z,26003.80
D0824,GBP,USD,2025-11-14T22:12:41Z,42231.35
D0825,AUD,GBP,2025-11-14T23:44:23Z,35215.19
D0826,GBP,EUR,2025-11-14T10:58:55Z,19345.84
D0827,JPY,EUR,2025-11-14T11:58:59Z,35720.86
D0828,AUD,JPY,2025-11-14T12:55:04Z,36904.76
D0829,CAD,AUD,2025-11-14T13:08:45Z,45377.74
D0830,EUR,CAD,2025-11-14T14:04:10Z,48298.32
D0831,CHF,JPY,2025-11-14T15:20:06Z,26467.69
D0832,USD,CNY,2025-11-14T16:08:23Z,49035.60
D0833,EUR,GBP,2025-11-14T17:58:27Z,34702.49
D0834,USD,EUR,2025-11-14T18:50:37Z,37581.16
D0835,JPY,GBP,2025-11-14T19:50:11Z,1823.92
D0836,EUR,AUD,2025-11-14T20:55:54Z,28388.81
D0837,CAD,GBP,2025-11-14T21:45:38Z,954.30
D0838,AUD,CHF,2025-11-14T22:46:54Z,32222.88
D0839,USD,AUD,2025-11-14T23:01:03Z,36428.43
D0840,CAD,USD,2025-11-14T10:34:52Z,32418.60
D0841,GBP,CNY,2025-11-14T11:13:51Z,1641.00
D0842,JPY,USD,2025-11-14T12:43:30Z,27549.10
D0843,CNY,CHF,2025-11-14T13:09:08Z,1084.02
D0844,CHF,CAD,2025-11-14T14:44:15Z,33912.59
D0845,GBP,EUR,2025-11-14T15:30:47Z,20435.25
D0846,JPY,CAD,2025-11-14T16:07:13Z,3399.43
D0847,EUR,JPY,2025-11-14T17:17:08Z,2643.39
D0848,GBP,CAD,2025-11-14T18:29:46Z,728.86
D0849,CNY,EUR,2025-11-14T19:46:50Z,32447.91
D0850,AUD,CHF,2025-11-14T20:41:24Z,45146.76
D0851,USD,AUD,2025-11-14T21:10:28Z,17498.61
D0852,CHF,AUD,2025-11-14T22:23:18Z,7028.09
D0853,EUR,AUD,2025-11-14T23:25:39Z,44768.31
D0854,GBP,EUR,2025-11-14T10:17:56Z,917.36
D0855,USD,AUD,2025-11-14T11:21:08Z,28541.75
D0856,CAD,JPY,2025-11-14T12:01:04Z,10620.58
D0857,JPY,CNY,2025-11-14T13:19:28Z,37860.27
D0858,GBP,EUR,2025-11-14T14:58:59Z,27075.01
D0859,CAD,USD,2025-11-14T15:43:51Z,5053.56
D0860,EUR,CAD,2025-11-14T16:58:01Z,31639.38
D0861,JPY,USD,2025-11-14T17:10:36Z,3096.19
D0862,CAD,EUR,2025-11-14T18:16:38Z,23654.84
D0863,GBP,CAD,2025-11-14T19:46:12Z,9914.31
D0864,EUR,USD,2025-11-14T20:34:33Z,35991.71
D0865,CHF,JPY,2025-11-14T21:47:29Z,27225.12
D0866,GBP,CAD,2025-11-14T22:24:34Z,46571.15
D0867,CNY,AUD,2025-11-14T23:39:46Z,35649.60
D0868,USD,AUD,2025-11-14T10:01:01Z,21629.41
D0869,JPY,CNY,2025-11-14T11:59:26Z,4922.27
D0870,AUD,CHF,2025-11-14T12:14:52Z,1867.73
D0871,EUR,CHF,2025-11-14T13:32:52Z,26917.94
D0872,CHF,CAD,2025-11-14T14:30:50Z,17492.53
D0873,USD,CAD,2025-11-14T15:57:51Z,29340.48
D0874,GBP,CAD,2025-11-14T16:07:50Z,7338.60
D0875,CHF,EUR,2025-11-14T17:04:44Z,20663.97
D0876,AUD,CHF,2025-11-14T18:59:01Z,9509.00
D0877,CHF,JPY,2025-11-14T19:04:44Z,9761.37
D0878,USD,EUR,2025-11-14T20:15:42Z,16471.50
D0879,EUR,CAD,2025-11-14T21:55:22Z,3369.15
D0880,JPY,CAD,2025-11-14T22:24:02Z,25901.18
D0881,GBP,CHF,2025-11-14T23:08:35Z,16742.17
D0882,JPY,CNY,2025-11-14T10:55:42Z,34650.28
D0883,EUR,CNY,2025-11-14T11:21:27Z,44510.68
D0884,USD,CHF,2025-11-14T12:16:14Z,18822.76
D0885,GBP,CNY,2025-11-14T13:57:55Z,40377.82
D0886,USD,CHF,2025-11-14T14:42:44Z,13152.29
D0887,AUD,CNY,2025-11-14T15:02:33Z,43025.39
D0888,USD,CNY,2025-11-14T16:20:59Z,41727.32
D0889,CAD,CHF,2025-11-14T17:06:04Z,31931.65
D0890,CHF,CAD,2025-11-14T18:06:15Z,19599.28
D0891,CHF,GBP,2025-11-14T19:37:25Z,39080.15
D0892,AUD,JPY,2025-11-14T20:36:24Z,32129.98
D0893,USD,JPY,2025-11-14T21:15:40Z,38155.54
D0894,CNY,CHF,2025-11-14T22:40:03Z,37831.95
D0895,EUR,CAD,2025-11-14T23:03:57Z,43620.56
D0896,EUR,CNY,2025-11-14T10:02:49Z,41073.61
D0897,AUD,GBP,2025-11-14T11:37:05Z,29288.98
D0898,EUR,AUD,2025-11-14T12:53:51Z,229.64
D0899,USD,CNY,2025-11-14T13:46:54Z,49451.48
D0900,JPY,GBP,2025-11-14T14:36:13Z,45741.43
D0901,AUD,JPY,2025-11-14T15:45:31Z,35664.16
D0902,CAD,USD,2025-11-14T16:27:40Z,16727.54
D0903,JPY,CAD,2025-11-14T17:09:34Z,36116.03
D0904,USD,GBP,2025-11-14T18:44:43Z,44719.78
D0905,USD,AUD,2025-11-14T19:00:12Z,47910.05
D0906,EUR,CNY,2025-11-14T20:42:07Z,12070.48
D0907,CHF,CAD,2025-11-14T21:53:29Z,44167.48
D0908,EUR,USD,2025-11-14T22:30:53Z,10502.42
D0909,JPY,AUD,2025-11-14T23:53:30Z,19408.71
D0910,GBP,AUD,2025-11-14T10:07:37Z,19392.94
D0911,CAD,EUR,2025-11-14T11:02:19Z,31765.42
D0912,EUR,AUD,2025-11-14T12:03:48Z,49993.83
D0913,AUD,USD,2025-11-14T13:33:19Z,22895.25
D0914,USD,GBP,2025-11-14T14:26:59Z,2743.62
D0915,CAD,JPY,2025-11-14T15:31:45Z,17240.46
D0916,USD,CAD,2025-11-14T16:34:34Z,48001.25
D0917,JPY,EUR,2025-11-14T17:55:56Z,45859.55
D0918,CHF,USD,2025-11-14T18:33:20Z,35091.00
D0919,GBP,AUD,2025-11-14T19:00:05Z,47022.70
D0920,GBP,CHF,2025-11-14T20:34:20Z,34251.94
D0921,CNY,CHF,2025-11-14T21:17:04Z,43199.84
D0922,CNY,CHF,2025-11-14T22:52:57Z,5453.68
D0923,AUD,GBP,2025-11-14T23:07:13Z,45764.05
D0924,GBP,CAD,2025-11-14T10:08:12Z,48066.96
D0925,CAD,CHF,2025-11-14T11:41:45Z,1266.21
D0926,CAD,CNY,2025-11-14T12:38:07Z,7402.88
D0927,CHF,CAD,2025-11-14T13:18:29Z,31674.57
D0928,USD,CHF,2025-11-14T14:50:02Z,27726.00
D0929,CNY,CAD,2025-11-14T15:19:35Z,26727.78
D0930,CAD,CHF,2025-11-14T16:01:07Z,4404.52
D0931,CHF,CAD,2025-11-14T17:52:22Z,33342.89
D0932,AUD,JPY,2025-11-14T18:39:55Z,15164.81
D0933,CHF,EUR,2025-11-14T19:56:24Z,12690.02
D0934,JPY,CNY,2025-11-14T20:36:16Z,13139.38
D0935,EUR,JPY,2025-11-14T21:19:05Z,14887.99
D0936,AUD,USD,2025-11-14T22:14:09Z,31185.76
D0937,CAD,CHF,2025-11-14T23:12:02Z,4442.97
D0938,CNY,CHF,2025-11-14T10:55:34Z,27941.87
D0939,CNY,GBP,2025-11-14T11:33:27Z,4934.62
D0940,CNY,CAD,2025-11-14T12:55:56Z,11278.42
D0941,JPY,AUD,2025-11-14T13:42:24Z,30613.32
D0942,EUR,AUD,2025-11-14T14:05:51Z,13038.73
D0943,GBP,USD,2025-11-14T15:14:29Z,26708.94
D0944,GBP,AUD,2025-11-14T16:35:27Z,12741.08
D0945,JPY,GBP,2025-11-14T17:30:26Z,17549.89
D0946,CAD,CHF,2025-11-14T18:27:14Z,40534.21
D0947,GBP,CNY,2025-11-14T19:11:56Z,1229.25
D0948,USD,CAD,2025-11-14T20:47:31Z,21622.78
D0949,USD,JPY,2025-11-14T21:06:41Z,32418.97
D0950,CNY,CAD,2025-11-14T22:31:00Z,10229.72
D0951,GBP,AUD,2025-11-14T23:24:09Z,25512.32
D0952,AUD,CAD,2025-11-14T10:07:57Z,12631.60
D0953,CHF,AUD,2025-11-14T11:06:20Z,7902.69
D0954,GBP,JPY,2025-11-14T12:33:11Z,42272.35
D0955,CNY,CHF,2025-11-14T13:51:32Z,22731.84
D0956,CNY,USD,2025-11-14T14:55:00Z,1784.75
D0957,USD,JPY,2025-11-14T15:14:04Z,43332.88
D0958,CAD,EUR,2025-11-14T16:07:21Z,34594.61
D0959,EUR,CAD,2025-11-14T17:09:13Z,10395.57
D0960,AUD,CHF,2025-11-14T18:22:07Z,5016.92
D0961,CHF,JPY,2025-11-14T19:47:03Z,10640.29
D0962,EUR,GBP,2025-11-14T20:25:41Z,18469.37
D0963,CNY,AUD,2025-11-14T21:33:54Z,660.18
D0964,EUR,USD,2025-11-14T22:23:27Z,31314.02
D0965,GBP,JPY,2025-11-14T23:48:55Z,42171.73
D0966,CAD,GBP,2025-11-14T10:51:37Z,10164.11
D0967,AUD,USD,2025-11-14T11:29:09Z,40750.81
D0968,CAD,CHF,2025-11-14T12:01:31Z,12112.93
D0969,CNY,CHF,2025-11-14T13:20:25Z,18986.21
D0970,GBP,AUD,2025-11-14T14:37:31Z,39927.75
D0971,CAD,GBP,2025-11-14T15:40:10Z,5063.20
D0972,EUR,CAD,2025-11-14T16:53:07Z,15915.64
D0973,EUR,AUD,2025-11-14T17:40:58Z,18631.98
D0974,USD,AUD,2025-11-14T18:37:25Z,25512.13
D0975,JPY,USD,2025-11-14T19:11:44Z,24374.76
D0976,JPY,AUD,2025-11-14T20:51:39Z,39252.48
D0977,JPY,USD,2025-11-14T21:29:35Z,41309.03
D0978,USD,CHF,2025-11-14T22:55:23Z,16753.60
D0979,JPY,CAD,2025-11-14T23:43:48Z,47722.07
D0980,EUR,GBP,2025-11-14T10:15:25Z,27528.88
D0981,EUR,CHF,2025-11-14T11:11:31Z,32808.10
D0982,AUD,CAD,2025-11-14T12:00:01Z,7345.40
D0983,GBP,CHF,2025-11-14T13:54:03Z,18942.31
D0984,USD,GBP,2025-11-14T14:52:44Z,35339.62
D0985,EUR,USD,2025-11-14T15:16:31Z,38753.27
D0986,GBP,CNY,2025-11-14T16:53:30Z,32150.47
D0987,CAD,CHF,2025-11-14T17:29:51Z,4754.32
D0988,CHF,GBP,2025-11-14T18:11:41Z,16783.55
D0989,AUD,CAD,2025-11-14T19:33:38Z,36103.07
D0990,CAD,AUD,2025-11-14T20:46:38Z,31598.43
D0991,CAD,EUR,2025-11-14T21:44:06Z,41689.57
D0992,CHF,CAD,2025-11-14T22:55:31Z,13477.66
D0993,EUR,JPY,2025-11-14T23:25:31Z,48199.11
D0994,JPY,CNY,2025-11-14T10:21:26Z,44403.36
D0995,AUD,USD,2025-11-14T11:50:49Z,31564.57
D0996,USD,CHF,2025-11-14T12:08:41Z,22294.76
D0997,CAD,EUR,2025-11-14T13:48:09Z,38381.24
D0998,CAD,USD,2025-11-14T14:58:26Z,37608.80
D0999,USD,CNY,2025-11-14T15:58:47Z,28488.45
D1000,EUR,GBP,2025-11-14T16:19:08Z,48187.97
D1001,JPY,CHF,2025-11-14T17:50:13Z,9508.70
D1002,CNY,EUR,2025-11-14T18:31:28Z,32446.11
D1003,GBP,USD,2025-11-14T19:39:04Z,20487.77
D1004,JPY,CHF,2025-11-14T20:57:36Z,6001.31
D1005,CHF,GBP,2025-11-14T21:03:33Z,34644.44
D1006,CAD,EUR,2025-11-14T22:03:52Z,8030.03
D1007,EUR,JPY,2025-11-14T23:58:10Z,41342.74
D1008,EUR,CNY,2025-11-14T10:12:11Z,25555.98
D1009,AUD,USD,2025-11-14T11:18:07Z,49427.66
D1010,GBP,USD,2025-11-14T12:40:46Z,8148.56
D1011,EUR,AUD,2025-11-14T13:59:05Z,6607.34
D1012,JPY,USD,2025-11-14T14:56:06Z,27800.81
D1013,CNY,EUR,2025-11-14T15:28:39Z,3874.93
D1014,CHF,USD,2025-11-14T16:43:41Z,46981.75
D1015,GBP,CHF,2025-11-14T17:47:56Z,32815.60
D1016,CHF,USD,2025-11-14T18:53:06Z,47666.42
D1017,CAD,GBP,2025-11-14T19:31:57Z,36288.51
D1018,CHF,GBP,2025-11-14T20:52:40Z,17075.85
D1019,AUD,GBP,2025-11-14T21:15:47Z,8994.93
D1020,CHF,CNY,2025-11-14T22:03:35Z,31976.34
D1021,GBP,AUD,2025-11-14T23:40:16Z,45453.20
D1022,AUD,CAD,2025-11-14T10:15:31Z,6020.93
D1023,EUR,CHF,2025-11-14T11:42:34Z,30445.29
D1024,JPY,CNY,2025-11-14T12:56:15Z,28240.69
D1025,USD,CAD,2025-11-14T13:24:27Z,36574.14
D1026,CAD,AUD,2025-11-14T14:35:25Z,26562.68
D1027,AUD,CAD,2025-11-14T15:10:42Z,15891.74
D1028,EUR,GBP,2025-11-14T16:08:43Z,7071.54
D1029,CHF,GBP,2025-11-14T17:56:41Z,20829.03
D1030,CNY,AUD,2025-11-14T18:19:40Z,45617.93
D1031,CHF,EUR,2025-11-14T19:12:54Z,3626.13
D1032,CNY,JPY,2025-11-14T20:32:34Z,17128.18
D1033,USD,EUR,2025-11-14T21:00:04Z,43083.99
D1034,JPY,CNY,2025-11-14T22:35:35Z,48319.64
D1035,CAD,JPY,2025-11-14T23:45:44Z,28514.98
D1036,JPY,GBP,2025-11-14T10:59:06Z,30406.66
D1037,AUD,CNY,2025-11-14T11:33:32Z,29601.91
D1038,CHF,EUR,2025-11-14T12:29:47Z,44346.74
D1039,GBP,JPY,2025-11-14T13:47:32Z,32280.93
D1040,EUR,JPY,2025-11-14T14:18:24Z,24102.41
D1041,AUD,CNY,2025-11-14T15:52:31Z,33515.04
D1042,CHF,JPY,2025-11-14T16:26:41Z,5328.11
D1043,GBP,USD,2025-11-14T17:38:07Z,5509.68
D1044,GBP,AUD,2025-11-14T18:56:01Z,16210.81
D1045,CHF,JPY,2025-11-14T19:40:11Z,33343.77
D1046,CAD,USD,2025-11-14T20:32:01Z,25773.97
D1047,AUD,USD,2025-11-14T21:11:05Z,35240.79
D1048,CAD,EUR,2025-11-14T22:12:51Z,10589.80
D1049,AUD,CNY,2025-11-14T23:31:49Z,15244.58
D1050,GBP,AUD,2025-11-14T10:11:45Z,3491.31
D1051,USD,GBP,2025-11-14T11:42:33Z,22797.03
D1052,JPY,AUD,2025-11-14T12:37:24Z,25391.96
D1053,AUD,GBP,2025-11-14T13:15:31Z,46376.92
D1054,EUR,JPY,2025-11-14T14:55:00Z,42871.76
D1055,CAD,CNY,2025-11-14T15:41:18Z,5083.83
D1056,USD,CAD,2025-11-14T16:18:08Z,41206.36
D1057,GBP,CAD,2025-11-14T17:14:05Z,4929.87
D1058,AUD,CNY,2025-11-14T18:53:00Z,27188.62
D1059,CAD,CHF,2025-11-14T19:11:04Z,18652.15
D1060,USD,CAD,2025-11-14T20:04:46Z,47917.21
D1061,JPY,AUD,2025-11-14T21:49:21Z,31285.21
D1062,CHF,CNY,2025-11-14T22:35:06Z,21236.09
D1063,USD,CNY,2025-11-14T23:08:53Z,10618.23
D1064,GBP,CAD,2025-11-14T10:59:10Z,37740.10
D1065,CHF,JPY,2025-11-14T11:58:47Z,4840.41
D1066,CNY,CHF,2025-11-14T12:07:01Z,13613.07
D1067,JPY,GBP,2025-11-14T13:41:04Z,21266.33
D1068,GBP,USD,2025-11-14T14:19:52Z,13957.34
D1069,GBP,JPY,2025-11-14T15:38:24Z,23578.18
D1070,AUD,CNY,2025-11-14T16:52:34Z,22506.58
D1071,USD,CAD,2025-11-14T17:14:17Z,15654.88
D1072,USD,CAD,2025-11-14T18:18:50Z,27175.81
D1073,USD,CHF,2025-11-14T19:32:32Z,40732.38
D1074,USD,CAD,2025-11-14T20:16:33Z,1193.93
D1075,EUR,USD,2025-11-14T21:16:59Z,9522.34
D1076,USD,GBP,2025-11-14T22:48:10Z,44486.86
D1077,GBP,CAD,2025-11-14T23:55:02Z,18161.71
D1078,USD,CHF,2025-11-14T10:04:42Z,41648.23
D1079,EUR,CAD,2025-11-14T11:53:23Z,9580.11
D1080,AUD,JPY,2025-11-14T12:07:21Z,27666.01
D1081,EUR,AUD,2025-11-14T13:35:29Z,973.09
D1082,CNY,USD,2025-11-14T14:59:06Z,39392.77
D1083,JPY,GBP,2025-11-14T15:20:01Z,44770.65
D1084,AUD,CHF,2025-11-14T16:02:14Z,7307.32
D1085,AUD,CAD,2025-11-14T17:41:34Z,39209.24
D1086,CHF,AUD,2025-11-14T18:44:13Z,47600.67
D1087,AUD,CNY,2025-11-14T19:28:00Z,16969.74
D1088,AUD,JPY,2025-11-14T20:31:19Z,48771.75
D1089,JPY,CNY,2025-11-14T21:31:19Z,25132.19
D1090,EUR,CAD,2025-11-14T22:40:41Z,40436.96
D1091,AUD,JPY,2025-11-14T23:20:12Z,10554.73
D1092,CNY,GBP,2025-11-14T10:24:53Z,46024.51
D1093,EUR,USD,2025-11-14T11:44:00Z,9852.15
D1094,CNY,EUR,2025-11-14T12:52:56Z,27452.48
D1095,CHF,JPY,2025-11-14T13:16:42Z,44838.08
D1096,JPY,USD,2025-11-14T14:00:26Z,47414.80
D1097,CAD,USD,2025-11-14T15:11:11Z,17174.78
D1098,AUD,CHF,2025-11-14T16:20:03Z,2513.03
D1099,USD,AUD,2025-11-14T17:41:28Z,48886.90
D1100,JPY,USD,2025-11-14T18:09:01Z,42306.42
D1101,GBP,EUR,2025-11-14T19:30:04Z,8091.31
D1102,EUR,AUD,2025-11-14T20:45:45Z,26540.12
D1103,USD,EUR,2025-11-14T21:45:24Z,31696.01
D1104,JPY,CHF,2025-11-14T22:46:15Z,32342.19
D1105,CNY,JPY,2025-11-14T23:21:35Z,18899.70
D1106,JPY,CAD,2025-11-14T10:24:23Z,45412.09
D1107,CAD,USD,2025-11-14T11:39:43Z,26265.57
D1108,JPY,USD,2025-11-14T12:53:49Z,48990.09
D1109,CNY,AUD,2025-11-14T13:55:29Z,2482.85
D1110,CAD,CNY,2025-11-14T14:04:18Z,7206.56
D1111,CAD,USD,2025-11-14T15:40:21Z,8327.37
D1112,AUD,CHF,2025-11-14T16:52:16Z,28161.01
D1113,CHF,JPY,2025-11-14T17:41:24Z,18947.97
D1114,AUD,GBP,2025-11-14T18:15:45Z,37786.47
D1115,JPY,USD,2025-11-14T19:22:12Z,3859.97
D1116,AUD,CNY,2025-11-14T20:37:47Z,30675.77
D1117,CNY,GBP,2025-11-14T21:49:22Z,9028.38
D1118,GBP,EUR,2025-11-14T22:50:38Z,14890.40
D1119,USD,CAD,2025-11-14T23:06:35Z,24397.87
D1120,AUD,USD,2025-11-14T10:44:20Z,24660.08
D1121,EUR,CNY,2025-11-14T11:14:54Z,5027.34
D1122,JPY,USD,2025-11-14T12:10:04Z,22519.81
D1123,CHF,JPY,2025-11-14T13:17:15Z,966.76
D1124,GBP,CNY,2025-11-14T14:30:06Z,34990.73
D1125,USD,JPY,2025-11-14T15:28:22Z,23938.77
D1126,JPY,EUR,2025-11-14T16:31:52Z,4070.67
D1127,CAD,AUD,2025-11-14T17:54:22Z,28768.35
D1128,USD,JPY,2025-11-14T18:31:18Z,33586.63
D1129,EUR,AUD,2025-11-14T19:49:52Z,19459.65
D1130,JPY,CHF,2025-11-14T20:33:46Z,6450.29
D1131,JPY,CAD,2025-11-14T21:32:04Z,19714.79
D1132,AUD,EUR,2025-11-14T22:17:35Z,13506.21
D1133,CHF,CNY,2025-11-14T23:50:00Z,17609.06
D1134,CAD,CHF,2025-11-14T10:32:04Z,33241.40
D1135,CHF,USD,2025-11-14T11:18:56Z,41719.30
D1136,CNY,GBP,2025-11-14T12:40:19Z,23420.77
D1137,CHF,GBP,2025-11-14T13:49:52Z,40166.58
D1138,CHF,GBP,2025-11-14T14:39:50Z,24429.00
D1139,CHF,AUD,2025-11-14T15:36:59Z,42003.06
D1140,USD,CNY,2025-11-14T16:22:44Z,34522.71
D1141,CHF,CNY,2025-11-14T17:01:00Z,15055.71
D1142,CHF,CAD,2025-11-14T18:38:30Z,44907.50
D1143,AUD,CHF,2025-11-14T19:14:41Z,9991.21
D1144,EUR,USD,2025-11-14T20:34:28Z,30512.38
D1145,CNY,USD,2025-11-14T21:35:56Z,45230.31
D1146,CNY,AUD,2025-11-14T22:05:33Z,5852.04
D1147,GBP,CHF,2025-11-14T23:15:10Z,8425.52
D1148,CAD,CNY,2025-11-14T10:27:07Z,20517.58
D1149,USD,CNY,2025-11-14T11:07:55Z,40216.76
D1150,GBP,EUR,2025-11-14T12:37:47Z,26875.81
D1151,CHF,CNY,2025-11-14T13:11:57Z,16027.04
D1152,CNY,JPY,2025-11-14T14:07:53Z,27765.65
D1153,CAD,JPY,2025-11-14T15:34:17Z,7109.97
D1154,AUD,GBP,2025-11-14T16:35:20Z,7244.40
D1155,CAD,GBP,2025-11-14T17:06:48Z,45774.21
D1156,JPY,AUD,2025-11-14T18:53:38Z,36314.18
D1157,CAD,CNY,2025-11-14T19:20:08Z,30780.01
D1158,AUD,JPY,2025-11-14T20:50:03Z,11619.69
D1159,GBP,CAD,2025-11-14T21:22:00Z,25165.30
D1160,EUR,CAD,2025-11-14T22:58:04Z,39263.66
D1161,AUD,CAD,2025-11-14T23:17:07Z,5108.01
D1162,CNY,EUR,2025-11-14T10:10:35Z,28185.74
D1163,CAD,GBP,2025-11-14T11:06:32Z,8486.28
D1164,JPY,EUR,2025-11-14T12:50:38Z,38739.50
D1165,USD,CNY,2025-11-14T13:15:45Z,9897.84
D1166,JPY,CAD,2025-11-14T14:00:29Z,12372.41
D1167,EUR,CNY,2025-11-14T15:15:07Z,40370.58
D1168,CNY,GBP,2025-11-14T16:04:43Z,21535.30
D1169,EUR,CNY,2025-11-14T17:01:42Z,36355.87
D1170,AUD,CAD,2025-11-14T18:03:41Z,14377.22
D1171,CAD,CNY,2025-11-14T19:05:28Z,20306.09
D1172,CAD,GBP,2025-11-14T20:06:49Z,49396.64
D1173,CAD,CNY,2025-11-14T21:41:54Z,42148.80
D1174,JPY,CHF,2025-11-14T22:20:25Z,7730.73
D1175,CNY,GBP,2025-11-14T23:39:19Z,8867.51
D1176,CAD,AUD,2025-11-14T10:40:27Z,26310.73
D1177,EUR,USD,2025-11-14T11:03:17Z,22237.36
D1178,GBP,CHF,2025-11-14T12:34:57Z,43836.73
D1179,USD,CHF,2025-11-14T13:34:54Z,32614.15
D1180,EUR,CHF,2025-11-14T14:51:57Z,30426.40
D1181,CHF,CAD,2025-11-14T15:47:44Z,12903.75
D1182,AUD,CNY,2025-11-14T16:03:34Z,39035.96
D1183,AUD,USD,2025-11-14T17:04:56Z,4353.40
D1184,GBP,AUD,2025-11-14T18:04:59Z,6852.94
D1185,CHF,GBP,2025-11-14T19:38:13Z,31863.30
D1186,CHF,CAD,2025-11-14T20:22:16Z,24700.17
D1187,EUR,CNY,2025-11-14T21:23:37Z,9142.39
D1188,GBP,EUR,2025-11-14T22:57:43Z,31454.97
D1189,GBP,EUR,2025-11-14T23:55:32Z,28855.27
D1190,GBP,EUR,2025-11-14T10:44:46Z,11250.60
D1191,GBP,CHF,2025-11-14T11:46:01Z,34823.46
D1192,EUR,CHF,2025-11-14T12:12:51Z,34422.68
D1193,AUD,CAD,2025-11-14T13:34:01Z,39195.98
D1194,USD,JPY,2025-11-14T14:55:58Z,42167.66
D1195,USD,AUD,2025-11-14T15:44:42Z,17828.24
D1196,CAD,USD,2025-11-14T16:42:13Z,35800.49
D1197,EUR,CAD,2025-11-14T17:38:51Z,2569.29
D1198,GBP,CAD,2025-11-14T18:34:31Z,40959.83
D1199,CAD,CHF,2025-11-14T19:56:49Z,19165.00
D1200,CAD,EUR,2025-11-14T20:10:46Z,22803.68
D1201,USD,CHF,2025-11-14T21:18:44Z,32307.51
D1202,AUD,CNY,2025-11-14T22:53:45Z,20073.29
D1203,GBP,CNY,2025-11-14T23:44:50Z,11548.80
D1204,CHF,CNY,2025-11-14T10:20:59Z,19104.87
D1205,JPY,EUR,2025-11-14T11:56:25Z,16662.44
D1206,CHF,EUR,2025-11-14T12:11:53Z,3508.23
D1207,CHF,USD,2025-11-14T13:13:14Z,32371.69
D1208,USD,CNY,2025-11-14T14:41:35Z,24795.14
D1209,USD,GBP,2025-11-14T15:26:45Z,30667.83
D1210,JPY,CHF,2025-11-14T16:41:42Z,12158.77
D1211,AUD,USD,2025-11-14T17:40:01Z,5648.59
D1212,AUD,CAD,2025-11-14T18:50:18Z,15294.16
D1213,EUR,CNY,2025-11-14T19:11:13Z,9836.89
D1214,JPY,USD,2025-11-14T20:33:25Z,7596.07
D1215,AUD,EUR,2025-11-14T21:33:00Z,7011.29
D1216,USD,JPY,2025-11-14T22:52:24Z,23921.48
D1217,JPY,GBP,2025-11-14T23:08:30Z,3690.85
D1218,EUR,GBP,2025-11-14T10:47:15Z,30543.26
D1219,CNY,CHF,2025-11-14T11:30:42Z,12068.80
D1220,CAD,JPY,2025-11-14T12:42:41Z,35990.42
D1221,USD,CHF,2025-11-14T13:28:55Z,4800.92
D1222,CAD,EUR,2025-11-14T14:08:14Z,25561.52
D1223,GBP,CNY,2025-11-14T15:17:39Z,49941.98
D1224,CHF,EUR,2025-11-14T16:37:00Z,38604.40
D1225,AUD,JPY,2025-11-14T17:22:41Z,14570.71
D1226,CHF,EUR,2025-11-14T18:12:23Z,47779.78
D1227,CNY,GBP,2025-11-14T19:35:52Z,45783.74
D1228,CHF,EUR,2025-11-14T20:12:33Z,3455.86
D1229,CAD,AUD,2025-11-14T21:56:11Z,32327.45
D1230,CHF,USD,2025-11-14T22:38:51Z,35810.60
D1231,AUD,EUR,2025-11-14T23:05:16Z,3215.49
D1232,JPY,AUD,2025-11-14T10:40:13Z,38146.47
D1233,CHF,CAD,2025-11-14T11:37:31Z,17989.77
D1234,CHF,CNY,2025-11-14T12:29:19Z,19431.78
D1235,JPY,CNY,2025-11-14T13:21:55Z,9017.97
D1236,AUD,JPY,2025-11-14T14:25:03Z,31754.28
D1237,JPY,AUD,2025-11-14T15:15:21Z,40572.79
D1238,CNY,GBP,2025-11-14T16:03:36Z,21213.73
D1239,CAD,JPY,2025-11-14T17:03:36Z,4576.56
D1240,EUR,USD,2025-11-14T18:23:13Z,35661.66
D1241,JPY,USD,2025-11-14T19:40:55Z,863.02
D1242,AUD,CAD,2025-11-14T20:39:18Z,3910.49
D1243,JPY,CNY,2025-11-14T21:18:38Z,4462.92
D1244,JPY,AUD,2025-11-14T22:47:37Z,8556.04
D1245,JPY,GBP,2025-11-14T23:19:06Z,22163.59
D1246,USD,EUR,2025-11-14T10:49:20Z,26789.24
D1247,USD,CHF,2025-11-14T11:04:21Z,14294.40
D1248,EUR,CAD,2025-11-14T12:45:39Z,22699.46
D1249,JPY,CHF,2025-11-14T13:21:09Z,33976.55
D1250,CHF,AUD,2025-11-14T14:31:09Z,47109.29
D1251,EUR,CHF,2025-11-14T15:46:17Z,5245.28
D1252,AUD,JPY,2025-11-14T16:41:47Z,24365.32
D1253,CAD,CNY,2025-11-14T17:06:00Z,45065.59
D1254,GBP,CHF,2025-11-14T18:21:29Z,13724.14
D1255,JPY,EUR,2025-11-14T19:13:19Z,4652.56
D1256,GBP,CHF,2025-11-14T20:45:14Z,48734.10
D1257,JPY,USD,2025-11-14T21:02:34Z,894.83
D1258,JPY,CAD,2025-11-14T22:22:27Z,49675.06
D1259,EUR,AUD,2025-11-14T23:20:29Z,18191.84
D1260,CHF,JPY,2025-11-14T10:17:07Z,31303.01
D1261,CAD,CHF,2025-11-14T11:31:52Z,24206.06
D1262,GBP,CHF,2025-11-14T12:48:16Z,1497.75
D1263,CAD,CNY,2025-11-14T13:02:31Z,8456.54
D1264,CAD,EUR,2025-11-14T14:46:53Z,12842.33
D1265,CAD,EUR,2025-11-14T15:27:09Z,1899.86
D1266,JPY,AUD,2025-11-14T16:25:55Z,22849.68
D1267,CNY,EUR,2025-11-14T17:36:02Z,23514.98
D1268,CNY,GBP,2025-11-14T18:59:47Z,2623.07
D1269,EUR,CAD,2025-11-14T19:29:03Z,14333.63
D1270,USD,EUR,2025-11-14T20:05:54Z,31441.96
D1271,CHF,CAD,2025-11-14T21:53:44Z,19541.66
D1272,CAD,CNY,2025-11-14T22:19:58Z,22448.28
D1273,GBP,USD,2025-11-14T23:22:59Z,7716.08
D1274,GBP,CAD,2025-11-14T10:28:19Z,4145.65
D1275,AUD,GBP,2025-11-14T11:59:50Z,13935.09
D1276,EUR,AUD,2025-11-14T12:32:31Z,21306.27
D1277,EUR,CNY,2025-11-14T13:27:53Z,11920.53
D1278,CAD,CHF,2025-11-14T14:44:31Z,11950.10
D1279,CAD,EUR,2025-11-14T15:25:00Z,33251.99
D1280,GBP,USD,2025-11-14T16:18:22Z,32771.49
D1281,USD,CAD,2025-11-14T17:25:15Z,25815.63
D1282,CHF,CAD,2025-11-14T18:13:10Z,16852.53
D1283,USD,JPY,2025-11-14T19:55:39Z,34752.33
D1284,CAD,JPY,2025-11-14T20:38:13Z,47186.20
D1285,CAD,CHF,2025-11-14T21:32:41Z,40271.87
D1286,JPY,CHF,2025-11-14T22:16:43Z,11764.41
D1287,CAD,USD,2025-11-14T23:46:19Z,4477.92
D1288,CAD,JPY,2025-11-14T10:36:21Z,3681.11
D1289,CHF,CAD,2025-11-14T11:42:08Z,35588.78
D1290,CAD,EUR,2025-11-14T12:52:20Z,28802.82
D1291,EUR,CNY,2025-11-14T13:24:50Z,22028.44
D1292,GBP,USD,2025-11-14T14:43:26Z,38888.13
D1293,CAD,CHF,2025-11-14T15:43:47Z,452.96
D1294,USD,CHF,2025-11-14T16:35:18Z,38808.74
D1295,JPY,EUR,2025-11-14T17:10:16Z,30474.40
D1296,USD,GBP,2025-11-14T18:44:11Z,12549.34
D1297,GBP,AUD,2025-11-14T19:29:58Z,33866.61
D1298,JPY,CHF,2025-11-14T20:33:33Z,48856.38
D1299,GBP,AUD,2025-11-14T21:11:33Z,3375.77
D1300,JPY,GBP,2025-11-14T22:16:50Z,4468.89
D1301,USD,GBP,2025-11-14T23:02:14Z,4431.36
D1302,USD,JPY,2025-11-14T10:41:02Z,27665.92
D1303,AUD,CHF,2025-11-14T11:18:10Z,45099.36
D1304,AUD,EUR,2025-11-14T12:20:41Z,2599.59
D1305,JPY,CNY,2025-11-14T13:20:52Z,33672.33
D1306,CAD,CHF,2025-11-14T14:53:07Z,12154.56
D1307,CHF,JPY,2025-11-14T15:57:11Z,5741.39
D1308,CHF,AUD,2025-11-14T16:17:21Z,34091.60
D1309,CHF,GBP,2025-11-14T17:30:28Z,39713.72
D1310,JPY,EUR,2025-11-14T18:33:37Z,36794.30
D1311,CHF,AUD,2025-11-14T19:13:04Z,47994.01
D1312,USD,CNY,2025-11-14T20:11:25Z,33536.48
D1313,EUR,GBP,2025-11-14T21:15:37Z,41949.25
D1314,AUD,GBP,2025-11-14T22:55:41Z,17937.09
D1315,USD,CHF,2025-11-14T23:37:25Z,24560.00
D1316,JPY,CAD,2025-11-14T10:35:09Z,49493.83
D1317,CNY,AUD,2025-11-14T11:12:13Z,22525.28
D1318,CNY,CAD,2025-11-14T12:41:06Z,22667.51
D1319,CHF,CNY,2025-11-14T13:45:05Z,17638.71
D1320,CNY,EUR,2025-11-14T14:06:50Z,18257.33
D1321,JPY,CHF,2025-11-14T15:09:25Z,39970.47
D1322,GBP,EUR,2025-11-14T16:29:02Z,18816.12
D1323,CNY,GBP,2025-11-14T17:52:58Z,26115.38
D1324,USD,CAD,2025-11-14T18:22:50Z,6300.42
D1325,CAD,EUR,2025-11-14T19:27:53Z,43952.87
D1326,EUR,USD,2025-11-14T20:57:30Z,35098.05
D1327,GBP,JPY,2025-11-14T21:05:24Z,15387.24
D1328,JPY,CHF,2025-11-14T22:15:18Z,36265.96
D1329,AUD,CHF,2025-11-14T23:18:25Z,23609.04
D1330,CHF,CAD,2025-11-14T10:22:10Z,30650.48
D1331,JPY,EUR,2025-11-14T11:18:39Z,1479.30
D1332,CNY,AUD,2025-11-14T12:17:27Z,36541.41
D1333,USD,EUR,2025-11-14T13:42:22Z,15598.44
D1334,CAD,AUD,2025-11-14T14:58:59Z,33521.42
D1335,JPY,CAD,2025-11-14T15:05:11Z,22179.32
D1336,AUD,CAD,2025-11-14T16:24:25Z,11976.09
D1337,CAD,EUR,2025-11-14T17:48:16Z,19836.06
D1338,EUR,CNY,2025-11-14T18:03:24Z,23144.99
D1339,GBP,CAD,2025-11-14T19:34:30Z,41634.34
D1340,CHF,CNY,2025-11-14T20:45:55Z,14843.80
D1341,CAD,CNY,2025-11-14T21:16:20Z,24563.60
D1342,JPY,EUR,2025-11-14T22:43:34Z,22315.29
D1343,AUD,CNY,2025-11-14T23:02:55Z,45262.73
D1344,AUD,CHF,2025-11-14T10:10:49Z,27758.53
D1345,JPY,AUD,2025-11-14T11:12:23Z,24927.76
D1346,USD,JPY,2025-11-14T12:38:26Z,25166.82
D1347,USD,AUD,2025-11-14T13:26:11Z,18731.83
D1348,CAD,CHF,2025-11-14T14:45:58Z,30558.77
D1349,EUR,JPY,2025-11-14T15:29:21Z,18093.06
D1350,CNY,CAD,2025-11-14T16:21:40Z,30064.66
D1351,EUR,JPY,2025-11-14T17:39:48Z,24418.82
D1352,CAD,GBP,2025-11-14T18:41:35Z,40849.40
D1353,USD,CNY,2025-11-14T19:26:50Z,1324.77
D1354,CHF,AUD,2025-11-14T20:12:01Z,13835.51
D1355,JPY,CNY,2025-11-14T21:43:19Z,45653.87
D1356,CHF,AUD,2025-11-14T22:29:12Z,19823.47
D1357,GBP,AUD,2025-11-14T23:12:07Z,36465.02
D1358,CNY,AUD,2025-11-14T10:16:43Z,21878.84
D1359,CNY,AUD,2025-11-14T11:59:36Z,14322.54
D1360,EUR,JPY,2025-11-14T12:52:20Z,45905.43
D1361,CHF,AUD,2025-11-14T13:09:24Z,3150.00
D1362,JPY,CHF,2025-11-14T14:20:56Z,46863.39
D1363,CHF,EUR,2025-11-14T15:03:37Z,18703.13
D1364,USD,CHF,2025-11-14T16:40:34Z,23716.01
D1365,GBP,CNY,2025-11-14T17:23:03Z,9163.26
D1366,AUD,USD,2025-11-14T18:15:56Z,42795.96
D1367,CHF,AUD,2025-11-14T19:54:24Z,6301.99
D1368,GBP,CNY,2025-11-14T20:09:41Z,6796.15
D1369,JPY,CNY,2025-11-14T21:47:07Z,34566.73
D1370,CNY,CAD,2025-11-14T22:07:46Z,3173.14
D1371,GBP,AUD,2025-11-14T23:11:35Z,14624.92
D1372,JPY,CAD,2025-11-14T10:50:51Z,32316.05
D1373,CNY,JPY,2025-11-14T11:24:27Z,25090.01
D1374,AUD,CHF,2025-11-14T12:38:22Z,23307.93
D1375,CAD,GBP,2025-11-14T13:21:31Z,26467.85
D1376,USD,GBP,2025-11-14T14:11:05Z,7010.89
D1377,CAD,EUR,2025-11-14T15:31:09Z,31590.69
D1378,AUD,JPY,2025-11-14T16:27:00Z,8372.05
D1379,USD,EUR,2025-11-14T17:53:20Z,996.68
D1380,CNY,EUR,2025-11-14T18:14:51Z,26495.75
D1381,EUR,CHF,2025-11-14T19:25:09Z,39533.60
D1382,CAD,JPY,2025-11-14T20:32:20Z,28000.90
D1383,CAD,GBP,2025-11-14T21:01:46Z,23700.85
D1384,CAD,GBP,2025-11-14T22:49:52Z,28326.74
D1385,CHF,USD,2025-11-14T23:12:58Z,13962.96
D1386,GBP,USD,2025-11-14T10:07:11Z,36828.10
D1387,GBP,USD,2025-11-14T11:14:19Z,42471.77
D1388,JPY,USD,2025-11-14T12:48:41Z,8071.84
D1389,GBP,JPY,2025-11-14T13:02:52Z,40134.03
D1390,CHF,CNY,2025-11-14T14:08:00Z,47968.36
D1391,CHF,EUR,2025-11-14T15:02:21Z,15720.38
D1392,EUR,CNY,2025-11-14T16:54:09Z,3261.49
D1393,CAD,CNY,2025-11-14T17:45:29Z,19197.27
D1394,GBP,JPY,2025-11-14T18:50:34Z,47605.90
D1395,EUR,JPY,2025-11-14T19:35:43Z,19908.06
D1396,GBP,CNY,2025-11-14T20:15:56Z,46011.30
D1397,AUD,GBP,2025-11-14T21:38:26Z,33949.48
D1398,CHF,CAD,2025-11-14T22:41:20Z,29215.75
D1399,EUR,CHF,2025-11-14T23:22:58Z,18858.03
D1400,CAD,USD,2025-11-14T10:33:50Z,37318.79
D1401,CNY,USD,2025-11-14T11:51:06Z,2045.06
D1402,CHF,JPY,2025-11-14T12:47:39Z,34032.19
D1403,USD,JPY,2025-11-14T13:17:33Z,17223.63
D1404,EUR,GBP,2025-11-14T14:10:17Z,39307.83
D1405,CAD,CNY,2025-11-14T15:55:56Z,15733.53
D1406,CHF,AUD,2025-11-14T16:20:59Z,31934.82
D1407,CAD,EUR,2025-11-14T17:57:08Z,5096.45
D1408,USD,GBP,2025-11-14T18:59:51Z,29090.07
D1409,GBP,CAD,2025-11-14T19:52:16Z,23992.59
D1410,USD,JPY,2025-11-14T20:57:28Z,11422.25
D1411,GBP,CAD,2025-11-14T21:30:08Z,40376.27
D1412,CNY,CHF,2025-11-14T22:45:01Z,41127.58
D1413,CHF,CAD,2025-11-14T23:04:04Z,12729.28
D1414,CAD,AUD,2025-11-14T10:32:45Z,28323.63
D1415,AUD,CHF,2025-11-14T11:26:41Z,6906.88
D1416,AUD,CHF,2025-11-14T12:01:12Z,32421.35
D1417,CAD,JPY,2025-11-14T13:56:12Z,19440.70
D1418,JPY,CHF,2025-11-14T14:27:13Z,36718.68
D1419,CAD,CHF,2025-11-14T15:42:11Z,17581.57
D1420,USD,CAD,2025-11-14T16:28:42Z,37192.61
D1421,AUD,CNY,2025-11-14T17:23:08Z,34754.15
D1422,JPY,CNY,2025-11-14T18:08:05Z,5827.25
D1423,AUD,EUR,2025-11-14T19:16:08Z,48566.84
D1424,CAD,CNY,2025-11-14T20:01:39Z,1794.20
D1425,CHF,GBP,2025-11-14T21:49:08Z,47163.02
D1426,CNY,JPY,2025-11-14T22:48:05Z,43990.20
D1427,AUD,CNY,2025-11-14T23:16:12Z,7583.11
D1428,CHF,JPY,2025-11-14T10:05:55Z,10663.44
D1429,USD,CNY,2025-11-14T11:42:31Z,42915.86
D1430,USD,CAD,2025-11-14T12:54:30Z,19168.63
D1431,GBP,USD,2025-11-14T13:16:51Z,14687.55
D1432,AUD,JPY,2025-11-14T14:47:49Z,41270.34
D1433,CAD,JPY,2025-11-14T15:33:26Z,14743.92
D1434,EUR,JPY,2025-11-14T16:15:17Z,20870.86
D1435,CAD,EUR,2025-11-14T17:19:02Z,33183.97
D1436,USD,JPY,2025-11-14T18:59:07Z,25212.61
D1437,USD,CNY,2025-11-14T19:33:43Z,21039.65
D1438,CHF,EUR,2025-11-14T20:39:42Z,2899.41
D1439,GBP,EUR,2025-11-14T21:09:01Z,14463.85
D1440,USD,JPY,2025-11-14T22:28:04Z,27611.10
D1441,AUD,GBP,2025-11-14T23:27:58Z,46912.60
D1442,EUR,CHF,2025-11-14T10:41:55Z,2060.79
D1443,CNY,AUD,2025-11-14T11:23:51Z,33336.98
D1444,JPY,USD,2025-11-14T12:11:29Z,46363.33
D1445,AUD,CNY,2025-11-14T13:48:11Z,33600.88
D1446,CAD,EUR,2025-11-14T14:37:36Z,31311.65
D1447,USD,JPY,2025-11-14T15:54:44Z,15027.56
D1448,EUR,AUD,2025-11-14T16:21:28Z,15898.16
D1449,CAD,EUR,2025-11-14T17:50:47Z,32065.82
D1450,EUR,JPY,2025-11-14T18:27:42Z,16845.90
D1451,AUD,USD,2025-11-14T19:42:13Z,13680.19
D1452,CNY,USD,2025-11-14T20:11:08Z,10365.65
D1453,GBP,USD,2025-11-14T21:57:06Z,2530.09
D1454,GBP,CNY,2025-11-14T22:56:32Z,36002.47
D1455,AUD,CNY,2025-11-14T23:35:27Z,14254.23
D1456,EUR,AUD,2025-11-14T10:06:04Z,47938.97
D1457,GBP,USD,2025-11-14T11:46:54Z,44439.76
D1458,JPY,CHF,2025-11-14T12:21:12Z,849.46
D1459,USD,CHF,2025-11-14T13:36:11Z,8951.69
D1460,CAD,CHF,2025-11-14T14:19:21Z,21359.78
D1461,USD,CNY,2025-11-14T15:37:20Z,31920.00
D1462,JPY,GBP,2025-11-14T16:51:25Z,25134.90
D1463,CNY,EUR,2025-11-14T17:01:30Z,48027.28
D1464,EUR,CHF,2025-11-14T18:11:00Z,43063.12
D1465,CAD,AUD,2025-11-14T19:51:03Z,23728.05
D1466,CHF,GBP,2025-11-14T20:39:17Z,2552.23
D1467,CNY,AUD,2025-11-14T21:59:01Z,42458.65
D1468,JPY,CHF,2025-11-14T22:09:37Z,10262.62
D1469,EUR,GBP,2025-11-14T23:36:39Z,22582.86
D1470,CNY,CHF,2025-11-14T10:46:20Z,40876.31
D1471,USD,AUD,2025-11-14T11:26:11Z,45387.03
D1472,EUR,CAD,2025-11-14T12:18:04Z,19132.11
D1473,CAD,EUR,2025-11-14T13:59:43Z,8978.73
D1474,USD,CNY,2025-11-14T14:57:04Z,17678.57
D1475,CAD,CHF,2025-11-14T15:45:59Z,39285.59
D1476,GBP,AUD,2025-11-14T16:20:05Z,16936.55
D1477,USD,CNY,2025-11-14T17:48:00Z,43426.89
D1478,GBP,CHF,2025-11-14T18:46:26Z,23812.24
D1479,EUR,GBP,2025-11-14T19:24:48Z,46675.26
D1480,CAD,EUR,2025-11-14T20:18:11Z,41524.44
D1481,CHF,CNY,2025-11-14T21:04:27Z,16742.31
D1482,CNY,AUD,2025-11-14T22:33:18Z,29810.55
D1483,JPY,GBP,2025-11-14T23:12:17Z,49497.66
D1484,JPY,GBP,2025-11-14T10:19:32Z,20764.15
D1485,CNY,CAD,2025-11-14T11:19:53Z,26697.44
D1486,CHF,CNY,2025-11-14T12:43:45Z,5343.87
D1487,EUR,GBP,2025-11-14T13:29:11Z,46984.18
D1488,JPY,USD,2025-11-14T14:31:27Z,44025.77
D1489,AUD,EUR,2025-11-14T15:53:24Z,15689.11
D1490,CHF,EUR,2025-11-14T16:54:25Z,5299.65
D1491,USD,JPY,2025-11-14T17:20:03Z,27333.39
D1492,GBP,JPY,2025-11-14T18:24:17Z,7637.54
D1493,AUD,CHF,2025-11-14T19:35:34Z,33492.27
D1494,CHF,USD,2025-11-14T20:30:46Z,24439.42
D1495,CHF,GBP,2025-11-14T21:25:40Z,33905.99
D1496,AUD,GBP,2025-11-14T22:44:33Z,49207.53
D1497,JPY,CNY,2025-11-14T23:36:19Z,17178.63
D1498,JPY,CAD,2025-11-14T10:28:55Z,4353.59
D1499,CNY,JPY,2025-11-14T11:26:46Z,35250.16
D1500,CHF,USD,2025-11-14T12:09:03Z,44618.86
D1501,CAD,CHF,2025-11-14T13:56:57Z,19747.55
D1502,JPY,AUD,2025-11-14T14:36:42Z,6599.75
D1503,CNY,USD,2025-11-14T15:28:16Z,45304.43
D1504,CNY,CHF,2025-11-14T16:18:27Z,46404.64
D1505,USD,GBP,2025-11-14T17:10:23Z,23819.24
D1506,CNY,CHF,2025-11-14T18:29:45Z,17148.54
D1507,JPY,GBP,2025-11-14T19:40:11Z,9271.47
D1508,AUD,CHF,2025-11-14T20:47:23Z,10888.37
D1509,AUD,CAD,2025-11-14T21:16:20Z,30609.87
D1510,GBP,CNY,2025-11-14T22:48:39Z,19258.50
D1511,AUD,CHF,2025-11-14T23:31:26Z,30691.37
D1512,JPY,USD,2025-11-14T10:33:51Z,11094.05
D1513,CNY,CAD,2025-11-14T11:21:13Z,26347.65
D1514,GBP,JPY,2025-11-14T12:50:21Z,33178.26
D1515,EUR,JPY,2025-11-14T13:33:43Z,37795.51
D1516,AUD,GBP,2025-11-14T14:51:02Z,14667.86
D1517,AUD,USD,2025-11-14T15:40:35Z,27092.83
D1518,CAD,CHF,2025-11-14T16:10:30Z,2582.74
D1519,USD,EUR,2025-11-14T17:24:41Z,14894.83
D1520,CAD,USD,2025-11-14T18:44:43Z,13027.21
D1521,GBP,CHF,2025-11-14T19:02:56Z,43281.15
D1522,CAD,USD,2025-11-14T20:21:59Z,10795.50
D1523,GBP,USD,2025-11-14T21:14:47Z,25204.66
D1524,CAD,AUD,2025-11-14T22:37:50Z,12567.46
D1525,USD,CNY,2025-11-14T23:34:49Z,44032.10
D1526,USD,CNY,2025-11-14T10:39:07Z,25988.46
D1527,GBP,AUD,2025-11-14T11:31:52Z,36160.20
D1528,CNY,CHF,2025-11-14T12:28:57Z,22245.71
D1529,CAD,CHF,2025-11-14T13:07:10Z,16327.13
D1530,CHF,GBP,2025-11-14T14:08:30Z,43169.90
D1531,AUD,GBP,2025-11-14T15:18:46Z,34309.56
D1532,CHF,GBP,2025-11-14T16:54:22Z,41666.74
D1533,CAD,USD,2025-11-14T17:53:30Z,9643.58
D1534,GBP,USD,2025-11-14T18:57:48Z,2271.77
D1535,USD,GBP,2025-11-14T19:47:29Z,49471.49
D1536,CAD,CHF,2025-11-14T20:51:12Z,48962.85
D1537,JPY,EUR,2025-11-14T21:34:53Z,46880.02
D1538,CAD,JPY,2025-11-14T22:56:46Z,34158.51
D1539,CNY,JPY,2025-11-14T23:12:17Z,18128.70
D1540,USD,GBP,2025-11-14T10:39:15Z,40610.69
D1541,CHF,JPY,2025-11-14T11:51:43Z,28652.98
D1542,USD,GBP,2025-11-14T12:20:46Z,38878.06
D1543,GBP,EUR,2025-11-14T13:50:23Z,25263.58
D1544,USD,CAD,2025-11-14T14:43:10Z,9378.99
D1545,GBP,CHF,2025-11-14T15:57:28Z,25816.19
D1546,USD,CHF,2025-11-14T16:21:31Z,18900.43
D1547,CAD,GBP,2025-11-14T17:28:23Z,9506.13
D1548,USD,CNY,2025-11-14T18:22:44Z,1641.33
D1549,AUD,JPY,2025-11-14T19:45:33Z,29960.20
D1550,AUD,JPY,2025-11-14T20:58:04Z,9181.49
D1551,USD,EUR,2025-11-14T21:07:53Z,23690.31
D1552,CHF,EUR,2025-11-14T22:15:48Z,14773.47
D1553,CHF,EUR,2025-11-14T23:36:41Z,11353.30
D1554,JPY,CAD,2025-11-14T10:32:11Z,28816.27
D1555,CHF,CAD,2025-11-14T11:59:06Z,2718.72
D1556,EUR,CNY,2025-11-14T12:16:58Z,18393.89
D1557,AUD,GBP,2025-11-14T13:36:21Z,12699.45
D1558,JPY,AUD,2025-11-14T14:26:47Z,2282.60
D1559,JPY,USD,2025-11-14T15:48:26Z,28079.53
D1560,USD,GBP,2025-11-14T16:02:10Z,7792.09
D1561,EUR,CHF,2025-11-14T17:42:56Z,9514.58
D1562,CAD,USD,2025-11-14T18:53:25Z,43420.44
D1563,AUD,GBP,2025-11-14T19:12:03Z,841.82
D1564,CNY,JPY,2025-11-14T20:30:42Z,12299.85
D1565,CHF,USD,2025-11-14T21:51:32Z,38831.13
D1566,JPY,EUR,2025-11-14T22:13:54Z,5272.58
D1567,USD,AUD,2025-11-14T23:17:15Z,46366.53
D1568,USD,CHF,2025-11-14T10:48:57Z,20386.30
D1569,AUD,JPY,2025-11-14T11:24:59Z,7174.86
D1570,CHF,USD,2025-11-14T12:25:43Z,39477.71
D1571,EUR,USD,2025-11-14T13:37:05Z,47784.21
D1572,CAD,JPY,2025-11-14T14:27:35Z,1513.75
D1573,USD,CHF,2025-11-14T15:22:00Z,41321.72
D1574,CNY,AUD,2025-11-14T16:53:05Z,25178.75
D1575,AUD,GBP,2025-11-14T17:30:40Z,5086.50
D1576,EUR,CHF,2025-11-14T18:26:25Z,28866.30
D1577,GBP,CHF,2025-11-14T19:39:13Z,1170.47
D1578,CNY,CHF,2025-11-14T20:01:04Z,46940.19
D1579,CAD,USD,2025-11-14T21:48:58Z,7687.67
D1580,CNY,AUD,2025-11-14T22:17:43Z,33121.60
D1581,CNY,CHF,2025-11-14T23:28:14Z,28058.05
D1582,GBP,EUR,2025-11-14T10:48:53Z,39536.27
D1583,USD,JPY,2025-11-14T11:46:57Z,18124.62
D1584,CNY,JPY,2025-11-14T12:25:46Z,42036.64
D1585,GBP,JPY,2025-11-14T13:08:17Z,26404.48
D1586,GBP,AUD,2025-11-14T14:49:34Z,21343.27
D1587,USD,JPY,2025-11-14T15:32:18Z,36747.12
D1588,AUD,USD,2025-11-14T16:38:12Z,1591.33
D1589,AUD,JPY,2025-11-14T17:25:13Z,13445.05
D1590,USD,CHF,2025-11-14T18:26:48Z,20051.19
D1591,CHF,USD,2025-11-14T19:12:43Z,10862.55
D1592,AUD,USD,2025-11-14T20:04:59Z,17335.65
D1593,AUD,EUR,2025-11-14T21:47:11Z,20489.41
D1594,CNY,CAD,2025-11-14T22:00:31Z,42486.03
D1595,JPY,USD,2025-11-14T23:00:07Z,3455.25
D1596,JPY,USD,2025-11-14T10:20:01Z,7201.31
D1597,CHF,JPY,2025-11-14T11:13:07Z,49873.09
D1598,JPY,AUD,2025-11-14T12:35:40Z,29170.16
D1599,JPY,CAD,2025-11-14T13:25:38Z,15914.99
D1600,GBP,CNY,2025-11-14T14:04:48Z,20450.48
D1601,JPY,CAD,2025-11-14T15:39:40Z,28098.43
D1602,EUR,CNY,2025-11-14T16:56:52Z,36556.84
D1603,CAD,AUD,2025-11-14T17:45:32Z,14481.47
D1604,CAD,USD,2025-11-14T18:48:07Z,32317.99
D1605,USD,AUD,2025-11-14T19:10:37Z,23924.61
D1606,EUR,CHF,2025-11-14T20:03:16Z,23807.22
D1607,CNY,USD,2025-11-14T21:35:44Z,48288.10
D1608,CHF,GBP,2025-11-14T22:50:30Z,44846.27
D1609,USD,AUD,2025-11-14T23:36:59Z,40428.17
D1610,EUR,CHF,2025-11-14T10:20:41Z,26977.50
D1611,CNY,JPY,2025-11-14T11:04:52Z,31657.33
D1612,EUR,CNY,2025-11-14T12:42:07Z,5733.75
D1613,USD,CHF,2025-11-14T13:32:11Z,45327.98
D1614,CNY,AUD,2025-11-14T14:47:24Z,6873.85
D1615,USD,CNY,2025-11-14T15:36:32Z,14876.89
D1616,GBP,AUD,2025-11-14T16:12:00Z,23006.32
D1617,AUD,JPY,2025-11-14T17:10:53Z,8081.71
D1618,CNY,AUD,2025-11-14T18:38:31Z,33715.70
D1619,USD,GBP,2025-11-14T19:36:26Z,15409.80
D1620,CHF,USD,2025-11-14T20:55:48Z,38044.32
D1621,CHF,CNY,2025-11-14T21:11:55Z,10492.69
D1622,JPY,CAD,2025-11-14T22:16:13Z,25930.31
D1623,USD,JPY,2025-11-14T23:07:35Z,5280.53
D1624,USD,GBP,2025-11-14T10:11:45Z,21288.86
D1625,USD,GBP,2025-11-14T11:13:54Z,6269.62
D1626,GBP,CHF,2025-11-14T12:31:50Z,7403.73
D1627,CAD,USD,2025-11-14T13:47:38Z,48930.40
D1628,GBP,CNY,2025-11-14T14:31:25Z,5917.91
D1629,CAD,CNY,2025-11-14T15:52:10Z,44550.43
D1630,AUD,JPY,2025-11-14T16:41:44Z,19894.90
D1631,USD,GBP,2025-11-14T17:02:06Z,28331.10
D1632,USD,CAD,2025-11-14T18:04:06Z,17873.29
D1633,EUR,AUD,2025-11-14T19:49:43Z,45609.55
D1634,CNY,CHF,2025-11-14T20:34:13Z,10824.92
D1635,GBP,EUR,2025-11-14T21:52:50Z,39790.01
D1636,GBP,AUD,2025-11-14T22:57:44Z,4229.13
D1637,USD,CNY,2025-11-14T23:53:33Z,31436.07
D1638,GBP,CNY,2025-11-14T10:40:05Z,22168.11
D1639,USD,GBP,2025-11-14T11:03:14Z,49237.84
D1640,CAD,GBP,2025-11-14T12:49:03Z,36083.03
D1641,CNY,CHF,2025-11-14T13:48:32Z,21398.68
D1642,CAD,GBP,2025-11-14T14:48:01Z,15574.46
D1643,AUD,CAD,2025-11-14T15:32:19Z,19874.82
D1644,CNY,AUD,2025-11-14T16:54:07Z,46810.43
D1645,AUD,CAD,2025-11-14T17:11:16Z,8100.12
D1646,CHF,JPY,2025-11-14T18:42:33Z,16287.97
D1647,CNY,EUR,2025-11-14T19:28:58Z,14671.52
D1648,EUR,CNY,2025-11-14T20:21:07Z,42049.62
D1649,CHF,JPY,2025-11-14T21:20:56Z,8346.82
D1650,GBP,CAD,2025-11-14T22:22:32Z,29242.04
D1651,JPY,CHF,2025-11-14T23:21:06Z,33691.82
D1652,EUR,CNY,2025-11-14T10:13:07Z,6053.27
D1653,CHF,USD,2025-11-14T11:59:46Z,41196.48
D1654,EUR,CAD,2025-11-14T12:19:44Z,33738.30
D1655,USD,CNY,2025-11-14T13:05:09Z,37235.60
D1656,EUR,CHF,2025-11-14T14:02:57Z,10001.90
D1657,JPY,GBP,2025-11-14T15:09:02Z,13887.11
D1658,CHF,AUD,2025-11-14T16:01:27Z,41693.36
D1659,GBP,CHF,2025-11-14T17:02:51Z,34122.26
D1660,CHF,EUR,2025-11-14T18:54:05Z,36838.62
D1661,GBP,JPY,2025-11-14T19:49:32Z,10351.54
D1662,AUD,CAD,2025-11-14T20:14:59Z,22898.71
D1663,GBP,EUR,2025-11-14T21:23:04Z,24332.22
D1664,CNY,AUD,2025-11-14T22:43:40Z,45116.66
D1665,CAD,USD,2025-11-14T23:43:25Z,19742.38
D1666,CAD,EUR,2025-11-14T10:15:19Z,14134.35
D1667,EUR,CNY,2025-11-14T11:52:34Z,35356.49
D1668,CAD,CNY,2025-11-14T12:31:16Z,35801.53
D1669,GBP,AUD,2025-11-14T13:49:29Z,9602.39
D1670,EUR,CNY,2025-11-14T14:05:47Z,29737.32
D1671,CAD,CHF,2025-11-14T15:14:54Z,45857.24
D1672,JPY,AUD,2025-11-14T16:45:32Z,42161.34
D1673,JPY,CNY,2025-11-14T17:45:08Z,30923.86
D1674,AUD,CHF,2025-11-14T18:14:16Z,46629.38
D1675,GBP,EUR,2025-11-14T19:46:34Z,26368.48
D1676,EUR,CNY,2025-11-14T20:21:18Z,28930.49
D1677,EUR,CAD,2025-11-14T21:56:46Z,25331.21
D1678,EUR,CAD,2025-11-14T22:02:27Z,14097.79
D1679,USD,EUR,2025-11-14T23:22:34Z,13952.78
D1680,USD,EUR,2025-11-14T10:52:55Z,28525.11
D1681,GBP,AUD,2025-11-14T11:27:39Z,26970.41
D1682,EUR,AUD,2025-11-14T12:30:09Z,903.05
D1683,USD,CNY,2025-11-14T13:59:51Z,31705.54
D1684,USD,CHF,2025-11-14T14:09:25Z,21830.91
D1685,CAD,AUD,2025-11-14T15:59:46Z,18643.43
D1686,JPY,CNY,2025-11-14T16:21:48Z,45187.17
D1687,EUR,AUD,2025-11-14T17:47:43Z,8404.53
D1688,JPY,CNY,2025-11-14T18:53:44Z,36167.41
D1689,GBP,CNY,2025-11-14T19:44:48Z,14728.59
D1690,USD,JPY,2025-11-14T20:14:02Z,44892.17
D1691,USD,GBP,2025-11-14T21:29:46Z,8127.96
D1692,CAD,CNY,2025-11-14T22:02:14Z,48563.10
D1693,AUD,CHF,2025-11-14T23:39:26Z,25112.62
D1694,CHF,JPY,2025-11-14T10:16:44Z,42409.21
D1695,CHF,USD,2025-11-14T11:15:12Z,40094.02
D1696,CNY,CAD,2025-11-14T12:10:36Z,36473.32
D1697,USD,EUR,2025-11-14T13:52:40Z,21705.04
D1698,GBP,JPY,2025-11-14T14:04:59Z,27319.39
D1699,EUR,CHF,2025-11-14T15:32:39Z,5590.26
D1700,AUD,CHF,2025-11-14T16:40:52Z,35580.62
D1701,GBP,CNY,2025-11-14T17:45:04Z,22352.70
D1702,GBP,CHF,2025-11-14T18:01:54Z,27675.11
D1703,AUD,JPY,2025-11-14T19:00:41Z,18466.27
D1704,AUD,CHF,2025-11-14T20:24:23Z,40363.04
D1705,CAD,CNY,2025-11-14T21:22:30Z,7063.60
D1706,CHF,AUD,2025-11-14T22:34:41Z,12658.74
D1707,CAD,EUR,2025-11-14T23:10:20Z,14709.71
D1708,JPY,GBP,2025-11-14T10:24:21Z,47270.83
D1709,EUR,CHF,2025-11-14T11:32:30Z,12029.15
D1710,AUD,USD,2025-11-14T12:25:24Z,42313.64
D1711,GBP,EUR,2025-11-14T13:46:36Z,27615.35
D1712,USD,CHF,2025-11-14T14:54:01Z,9663.49
D1713,USD,CHF,2025-11-14T15:32:24Z,9343.17
D1714,CHF,GBP,2025-11-14T16:01:41Z,21933.33
D1715,JPY,EUR,2025-11-14T17:27:42Z,771.74
D1716,CHF,JPY,2025-11-14T18:09:51Z,21679.76
D1717,CNY,GBP,2025-11-14T19:26:11Z,23121.87
D1718,CHF,USD,2025-11-14T20:07:12Z,2421.54
D1719,CHF,USD,2025-11-14T21:17:55Z,10079.49
D1720,CNY,JPY,2025-11-14T22:05:32Z,38767.99
D1721,CAD,USD,2025-11-14T23:44:09Z,27067.29
D1722,GBP,USD,2025-11-14T10:27:50Z,49187.33
D1723,CHF,USD,2025-11-14T11:18:40Z,30427.52
D1724,USD,JPY,2025-11-14T12:02:22Z,3693.41
D1725,USD,JPY,2025-11-14T13:19:38Z,42750.26
D1726,EUR,CHF,2025-11-14T14:26:08Z,44251.32
D1727,USD,AUD,2025-11-14T15:12:39Z,42270.99
D1728,GBP,USD,2025-11-14T16:04:32Z,4858.56
D1729,USD,CAD,2025-11-14T17:40:11Z,22611.17
D1730,USD,CAD,2025-11-14T18:42:44Z,48922.42
D1731,CHF,AUD,2025-11-14T19:22:57Z,3338.17
D1732,EUR,CAD,2025-11-14T20:21:57Z,11902.93
D1733,CNY,GBP,2025-11-14T21:59:20Z,24443.37
D1734,JPY,CNY,2025-11-14T22:49:08Z,14667.96
D1735,EUR,CAD,2025-11-14T23:52:59Z,22650.13
D1736,CHF,CAD,2025-11-14T10:43:00Z,43337.92
D1737,AUD,CAD,2025-11-14T11:41:58Z,25242.98
D1738,EUR,JPY,2025-11-14T12:28:57Z,15621.84
D1739,CNY,CHF,2025-11-14T13:45:25Z,7029.48
D1740,USD,CNY,2025-11-14T14:42:05Z,6757.51
D1741,AUD,EUR,2025-11-14T15:55:11Z,34665.67
D1742,CNY,AUD,2025-11-14T16:41:22Z,2392.07
D1743,USD,JPY,2025-11-14T17:07:30Z,36846.36
D1744,JPY,EUR,2025-11-14T18:54:13Z,14790.33
D1745,CNY,AUD,2025-11-14T19:32:03Z,34456.17
D1746,CNY,CHF,2025-11-14T20:18:39Z,41208.03
D1747,EUR,CNY,2025-11-14T21:13:26Z,36665.08
D1748,GBP,CNY,2025-11-14T22:01:00Z,45818.52
D1749,EUR,JPY,2025-11-14T23:17:57Z,14808.02
D1750,CHF,AUD,2025-11-14T10:11:57Z,10766.91
D1751,CNY,CHF,2025-11-14T11:48:07Z,36035.77
D1752,GBP,USD,2025-11-14T12:29:52Z,34147.28
D1753,EUR,AUD,2025-11-14T13:09:52Z,4803.87
D1754,AUD,CAD,2025-11-14T14:18:58Z,21212.54
D1755,USD,CAD,2025-11-14T15:51:39Z,39079.89
D1756,CNY,AUD,2025-11-14T16:31:59Z,20487.68
D1757,CHF,CAD,2025-11-14T17:46:19Z,45505.37
D1758,EUR,USD,2025-11-14T18:37:30Z,19047.84
D1759,CNY,JPY,2025-11-14T19:22:45Z,41948.14
D1760,JPY,CAD,2025-11-14T20:06:52Z,45060.61
D1761,USD,AUD,2025-11-14T21:25:32Z,11307.46
D1762,CHF,CAD,2025-11-14T22:20:11Z,25906.79
D1763,CHF,CNY,2025-11-14T23:20:36Z,7739.78
D1764,AUD,CNY,2025-11-14T10:14:00Z,4090.58
D1765,EUR,JPY,2025-11-14T11:44:33Z,3502.91
D1766,AUD,EUR,2025-11-14T12:18:33Z,10049.24
D1767,CNY,CHF,2025-11-14T13:37:33Z,46252.46
D1768,AUD,CHF,2025-11-14T14:02:54Z,28380.89
D1769,JPY,CAD,2025-11-14T15:48:14Z,6066.91
D1770,USD,CAD,2025-11-14T16:50:31Z,49418.63
D1771,CAD,CHF,2025-11-14T17:52:59Z,36589.28
D1772,JPY,CHF,2025-11-14T18:55:46Z,38172.98
D1773,JPY,EUR,2025-11-14T19:40:53Z,37097.05
D1774,GBP,CNY,2025-11-14T20:24:24Z,25990.11
D1775,USD,CHF,2025-11-14T21:50:27Z,9468.95
D1776,CNY,AUD,2025-11-14T22:29:40Z,35510.13
D1777,EUR,USD,2025-11-14T23:50:48Z,24396.74
D1778,CHF,EUR,2025-11-14T10:46:31Z,39771.44
D1779,CAD,USD,2025-11-14T11:10:05Z,31545.62
D1780,JPY,CAD,2025-11-14T12:47:03Z,5588.03
D1781,EUR,CHF,2025-11-14T13:40:37Z,10579.26
D1782,EUR,CHF,2025-11-14T14:59:05Z,35385.31
D1783,USD,CNY,2025-11-14T15:55:03Z,20299.93
D1784,AUD,EUR,2025-11-14T16:10:28Z,1541.34
D1785,GBP,CNY,2025-11-14T17:07:36Z,5048.35
D1786,AUD,CHF,2025-11-14T18:23:08Z,10736.95
D1787,CAD,CNY,2025-11-14T19:03:11Z,9207.26
D1788,USD,EUR,2025-11-14T20:39:48Z,43133.88
D1789,CHF,GBP,2025-11-14T21:47:26Z,20403.43
D1790,EUR,AUD,2025-11-14T22:14:43Z,41574.36
D1791,CHF,GBP,2025-11-14T23:59:32Z,44241.68
D1792,EUR,CNY,2025-11-14T10:04:59Z,49638.28
D1793,EUR,CAD,2025-11-14T11:19:18Z,47899.07
D1794,EUR,CNY,2025-11-14T12:35:59Z,42441.32
D1795,CAD,AUD,2025-11-14T13:08:35Z,28563.91
D1796,CAD,CNY,2025-11-14T14:09:23Z,43323.12
D1797,CAD,CHF,2025-11-14T15:31:23Z,38679.19
D1798,CAD,USD,2025-11-14T16:23:35Z,883.31
D1799,EUR,CHF,2025-11-14T17:31:51Z,18757.39
D1800,CAD,AUD,2025-11-14T18:15:06Z,31987.63
D1801,CNY,GBP,2025-11-14T19:12:28Z,25588.43
D1802,CNY,JPY,2025-11-14T20:34:57Z,26398.81
D1803,USD,EUR,2025-11-14T21:16:12Z,32448.43
D1804,GBP,CAD,2025-11-14T22:51:02Z,5160.41
D1805,EUR,USD,2025-11-14T23:21:46Z,7303.78
D1806,CHF,JPY,2025-11-14T10:44:42Z,7455.21
D1807,JPY,GBP,2025-11-14T11:46:11Z,12960.78
D1808,CNY,GBP,2025-11-14T12:00:47Z,35532.24
D1809,EUR,USD,2025-11-14T13:54:03Z,25246.36
D1810,USD,CNY,2025-11-14T14:25:20Z,17833.03
D1811,CAD,USD,2025-11-14T15:00:54Z,35209.37
D1812,CHF,JPY,2025-11-14T16:57:10Z,39585.72
D1813,CHF,GBP,2025-11-14T17:24:49Z,19091.30
D1814,EUR,JPY,2025-11-14T18:18:09Z,27224.85
D1815,USD,CNY,2025-11-14T19:30:54Z,27798.66
D1816,EUR,JPY,2025-11-14T20:41:09Z,41362.57
D1817,CHF,AUD,2025-11-14T21:01:57Z,739.42
D1818,AUD,GBP,2025-11-14T22:35:12Z,45639.48
D1819,AUD,USD,2025-11-14T23:03:27Z,771.75
D1820,CAD,AUD,2025-11-14T10:59:22Z,37505.94
D1821,EUR,CHF,2025-11-14T11:34:42Z,22860.11
D1822,GBP,JPY,2025-11-14T12:37:18Z,26302.47
D1823,GBP,JPY,2025-11-14T13:14:19Z,32853.81
D1824,CHF,AUD,2025-11-14T14:04:13Z,7342.17
D1825,USD,AUD,2025-11-14T15:37:42Z,20770.73
D1826,CNY,EUR,2025-11-14T16:30:49Z,15814.12
D1827,EUR,CHF,2025-11-14T17:13:49Z,17933.30
D1828,EUR,CHF,2025-11-14T18:41:10Z,37922.08
D1829,CHF,GBP,2025-11-14T19:52:24Z,29735.83
D1830,CNY,USD,2025-11-14T20:45:39Z,12190.63
D1831,USD,CNY,2025-11-14T21:54:05Z,5897.57
D1832,JPY,CNY,2025-11-14T22:45:52Z,15536.21
D1833,GBP,AUD,2025-11-14T23:32:31Z,41969.64
D1834,AUD,USD,2025-11-14T10:59:22Z,17113.32
D1835,CNY,JPY,2025-11-14T11:14:45Z,36124.11
D1836,JPY,GBP,2025-11-14T12:40:32Z,40545.21
D1837,JPY,CAD,2025-11-14T13:17:16Z,31772.82
D1838,EUR,JPY,2025-11-14T14:57:03Z,19970.50
D1839,AUD,CHF,2025-11-14T15:38:43Z,23319.66
D1840,AUD,CAD,2025-11-14T16:23:13Z,8218.31
D1841,JPY,GBP,2025-11-14T17:11:05Z,644.93
D1842,EUR,GBP,2025-11-14T18:24:25Z,4522.95
D1843,EUR,JPY,2025-11-14T19:17:39Z,45006.54
D1844,EUR,GBP,2025-11-14T20:18:19Z,27653.68
D1845,CNY,EUR,2025-11-14T21:47:48Z,2185.07
D1846,JPY,CAD,2025-11-14T22:25:29Z,3976.51
D1847,EUR,GBP,2025-11-14T23:42:08Z,21341.29
D1848,CNY,JPY,2025-11-14T10:17:58Z,6869.78
D1849,CNY,AUD,2025-11-14T11:29:41Z,7936.32
D1850,CAD,CNY,2025-11-14T12:28:18Z,10182.84
D1851,USD,GBP,2025-11-14T13:52:25Z,44787.03
D1852,CHF,JPY,2025-11-14T14:19:36Z,40434.63
D1853,AUD,CAD,2025-11-14T15:56:24Z,21676.53
D1854,GBP,CHF,2025-11-14T16:03:19Z,3962.13
D1855,JPY,CHF,2025-11-14T17:47:19Z,14198.48
D1856,CHF,USD,2025-11-14T18:54:54Z,49395.35
D1857,USD,JPY,2025-11-14T19:56:54Z,45008.66
D1858,GBP,CNY,2025-11-14T20:53:10Z,35720.49
D1859,AUD,EUR,2025-11-14T21:10:58Z,3307.25
D1860,CHF,EUR,2025-11-14T22:55:45Z,18197.82
D1861,USD,CAD,2025-11-14T23:45:44Z,8795.05
D1862,CHF,USD,2025-11-14T10:18:01Z,3676.66
D1863,CAD,EUR,2025-11-14T11:42:34Z,35377.58
D1864,JPY,USD,2025-11-14T12:39:29Z,40372.25
D1865,JPY,AUD,2025-11-14T13:45:58Z,36955.20
D1866,CNY,GBP,2025-11-14T14:13:44Z,19784.00
D1867,AUD,USD,2025-11-14T15:44:22Z,48311.23
D1868,CNY,EUR,2025-11-14T16:03:32Z,35038.66
D1869,CHF,USD,2025-11-14T17:05:34Z,9618.90
D1870,JPY,AUD,2025-11-14T18:01:29Z,24545.29
D1871,GBP,CHF,2025-11-14T19:20:25Z,49748.73
D1872,GBP,USD,2025-11-14T20:41:00Z,1718.54
D1873,CHF,USD,2025-11-14T21:35:17Z,32445.34
D1874,USD,CHF,2025-11-14T22:39:00Z,4467.53
D1875,CAD,GBP,2025-11-14T23:24:09Z,14030.06
D1876,CAD,JPY,2025-11-14T10:36:53Z,18665.86
D1877,CNY,CHF,2025-11-14T11:34:50Z,40394.04
D1878,GBP,CNY,2025-11-14T12:00:05Z,25560.89
D1879,EUR,CAD,2025-11-14T13:30:53Z,43614.72
D1880,CAD,EUR,2025-11-14T14:56:52Z,19919.67
D1881,USD,CHF,2025-11-14T15:23:52Z,30102.59
D1882,AUD,USD,2025-11-14T16:58:15Z,48624.09
D1883,JPY,GBP,2025-11-14T17:21:06Z,35605.02
D1884,EUR,GBP,2025-11-14T18:58:34Z,44260.17
D1885,CNY,AUD,2025-11-14T19:23:19Z,20749.66
D1886,CNY,JPY,2025-11-14T20:44:34Z,25518.51
D1887,USD,EUR,2025-11-14T21:25:17Z,15696.32
D1888,CAD,JPY,2025-11-14T22:32:24Z,23501.64
D1889,JPY,CHF,2025-11-14T23:29:09Z,22395.01
D1890,USD,AUD,2025-11-14T10:42:00Z,5986.77
D1891,CNY,AUD,2025-11-14T11:07:20Z,21491.45
D1892,JPY,CNY,2025-11-14T12:35:44Z,48212.10
D1893,JPY,CNY,2025-11-14T13:50:55Z,14374.36
D1894,GBP,CAD,2025-11-14T14:45:01Z,44455.50
D1895,USD,CNY,2025-11-14T15:57:50Z,10365.87
D1896,CHF,CAD,2025-11-14T16:03:23Z,48626.26
D1897,CAD,EUR,2025-11-14T17:24:16Z,8872.02
D1898,JPY,CAD,2025-11-14T18:09:17Z,47637.67
D1899,GBP,EUR,2025-11-14T19:42:40Z,28377.51
D1900,AUD,CNY,2025-11-14T20:40:18Z,20257.61
D1901,CAD,GBP,2025-11-14T21:46:57Z,41380.72
D1902,AUD,USD,2025-11-14T22:06:30Z,25921.69
D1903,EUR,GBP,2025-11-14T23:23:23Z,3862.15
D1904,AUD,EUR,2025-11-14T10:22:57Z,45831.66
D1905,CNY,EUR,2025-11-14T11:20:08Z,41796.22
D1906,GBP,CNY,2025-11-14T12:24:24Z,14141.26
D1907,GBP,EUR,2025-11-14T13:32:29Z,40721.29
D1908,AUD,CAD,2025-11-14T14:36:15Z,18659.52
D1909,CNY,EUR,2025-11-14T15:53:29Z,7184.60
D1910,USD,CAD,2025-11-14T16:11:09Z,22443.54
D1911,GBP,CHF,2025-11-14T17:58:21Z,46508.26
D1912,AUD,GBP,2025-11-14T18:08:09Z,10426.31
D1913,CHF,CAD,2025-11-14T19:27:32Z,26704.33
D1914,CNY,JPY,2025-11-14T20:47:05Z,40575.03
D1915,GBP,CAD,2025-11-14T21:56:23Z,7556.36
D1916,EUR,GBP,2025-11-14T22:46:06Z,5695.05
D1917,CHF,AUD,2025-11-14T23:40:53Z,30530.00
D1918,CHF,CAD,2025-11-14T10:12:20Z,19858.43
D1919,USD,EUR,2025-11-14T11:55:56Z,17262.84
D1920,EUR,CNY,2025-11-14T12:08:31Z,43537.51
D1921,EUR,GBP,2025-11-14T13:57:13Z,6505.97
D1922,GBP,USD,2025-11-14T14:28:48Z,16347.11
D1923,JPY,CHF,2025-11-14T15:04:31Z,14578.39
D1924,USD,JPY,2025-11-14T16:55:20Z,7493.19
D1925,EUR,CNY,2025-11-14T17:50:51Z,38100.11
D1926,JPY,CAD,2025-11-14T18:39:36Z,22267.91
